회사,상세정보,경력,지역,번호
㈜엠큐닉,2023하반기 기획/ JAVA개발자/ 데이터분석 및 가공 담당자 채용,신입·경력,서울,1
한국능률협회컨설팅,DX부문 데이터 분석 전문 컨설턴트 채용,경력5년↑,서울,2
㈜넥슨,[인텔리전스랩스] 데이터 분석가 (UX/게임 경험 분석) (계약직),경력무관,경기,3
㈜넥슨,[인텔리전스랩스] 데이터 분석가 (게임 작업장 분석),경력무관,경기,4
㈜넥슨,[인텔리전스랩스] 데이터 분석가 (브랜드 가치 측정),경력무관,경기,5
엘지유플러스,[품질혁신센터] NW장비 데이터 분석/연동시험 경력사원 채용,경력,대전,6
㈜넥슨,[메이플그룹] 데이터 분석가,경력무관,경기,7
㈜지투알,[HS Ad] 각 모집분야별 상시 인재 채용(디지털 데이터분석),경력,서울,8
㈜아데코코리아,[UT(우티)/모빌리티 기업] 고객 데이터 분석 (신입가능/3개월/데이터 분석 경험 우대),경력무관,서울,9
㈜스마일게이트홀딩스,[스마일게이트 홀딩스][데이터플랫폼] 데이터 분석 업무지원(아르바이트),경력무관,경기,10
㈜스마일게이트홀딩스,[스마일게이트홀딩스] [재무] 게임 데이터분석 담당,경력무관,경기,11
㈜아프리카TV,[아프리카TV] 데이터 분석 및 지표 설계,경력3년↑,경기,12
엘지전자㈜,[CDO부문] 전사회원전략팀 데이터분석 전문가 채용,경력,서울,13
더치트주식회사,"데이터 애널리스트 / 데이터분석 전문가 / 통계 전문가 / Data Analyst (통계전공자, 석사 이상)",신입·경력3년↑,서울,14
㈜넥슨,[인텔리전스랩스] 데이터 분석가(메이플스토리 게임 분석),경력무관,경기,15
㈜넥슨,[인텔리전스랩스] 데이터 분석가 (게임 작업장 분석),경력무관,경기,16
㈜해커스어학원,[신입/경력] 데이터 분석 및 기획 채용,신입·경력,서울,17
아이투맥스,데이터 분석/시각화(Tableau) 채용,경력5년↑,서울,18
씨에이치솔루션㈜,[SK텔레콤/대기업] [분당사옥] 통계 및 데이터분석,경력무관,경기,19
㈜세스코,(주)세스코 R&BD실 선행개발팀 데이터분석 및 운영기획 (8년 이상),경력8년↑,서울,20
㈜넥슨,[인텔리전스랩스] 데이터 분석가 (게임/브랜드 가치/플랫폼),경력무관,경기,21
㈜넥슨,[인텔리전스랩스] 데이터 분석가 (게임 컨텐츠/크리에이터 분석),경력,경기,22
㈜넥슨,[인텔리전스랩스] 데이터 분석가 (비즈니스 분석),경력3년↑,경기,23
㈜넥슨,[인텔리전스랩스] 데이터 분석가 (게임 이상탐지),경력무관,경기,24
㈜토마토시스템,부문별 경력사원 채용(설계/개발/데이터분석),경력,서울,25
유한회사 미소,[외국계 스타트업] Sales Manager/인력 관리/영업 전략/데이터 분석 (Customer),경력2년↑,서울,26
유한회사 미소,[외국계 스타트업] Sales Manager/인력 관리/영업 전략/데이터 분석 (Partner),경력2년↑,서울,27
어니컴㈜,데이터분석가 신입/경력 모집,경력무관,서울,28
㈜엑셀리언트,"디지털 마케팅 - GA 웹 데이터 분석가 모집 (신입,경력)",신입,서울,29
펑타이그레이터차이나 유한회사,[PTKOREA] 데이터 분석,경력3년↑,서울,30
㈜세종교육,"직업훈련기관 사무행정, 데이터분석 인턴 및 경력 채용",경력무관,경기,31
㈜한살림사업연합,한살림시스템 데이터분석가(신입) 모집공고,신입,서울,32
㈜한살림사업연합,한살림시스템 데이터분석가(경력) 모집공고,경력2년↑,서울,33
㈜에이아이더뉴트리진,"AI, 머신러닝 데이터분석가 경력 채용",경력2년↑,서울,34
펑타이그레이터차이나 유한회사,[PTKOREA] 데이터 분석 솔루션 기획/운영,경력5년↑,서울,35
㈜다성플랜,다성플랜 데이터 분석팀원 모집,경력무관,서울,36
테라시스,빅데이터/웹개발(데이터 분석 프로젝트 구축 및 웹개발)정규직원 채용,신입·경력,서울,37
㈜리팅랩스,"[데이터분석/팀장] SQL,Tableau, Pytone 전문가 (5년 이상)",경력5년↑,서울,38
㈜리팅랩스,"[스타트업] 데이터분석팀 병원 지표 관리 ( SQL, R 활용 경력자 3년-6년)",경력3년↑,서울,39
㈜유아이네트웍스,데이터 분석 및 데이터 엔지니어,경력무관,서울,40
㈜사이람,데이터 분석 컨설턴트 채용 공고(신입/경력),경력무관,경기 외,41
㈜오케이포스,[NICE 그룹] 오케이포스 사업개발실 데이터분석(그로스해커) 채용,경력3년↑,서울,42
㈜와이즈레이크,[와이즈레이크] 데이터 분석가 채용,경력무관,경기,43
㈜네피리티,데이터 분석 및 모델 개발 정규직/계약직 모집,신입·경력,서울,44
㈜웰로,[웰로] 데이터 분석가 경력직 채용 (2년이상-5년이하),경력무관,서울,45
㈜맨파워코리아,[중구/데이터분석/엑셀] 외국계 자동차기업 Sales Admin 채용,경력무관,서울,46
㈜데이터누리,데이터분석가 정규직 채용,경력3년↑,서울,47
안진회계법인,[안진회계법인] 재무자문본부 Crisis Management 데이터 분석 경력직,경력1년↑,서울,48
안티그래비티,데이터 분석가,경력2년↑,서울,49
㈜크레버스,[크레버스] 마케팅 데이터 분석 경력직 채용,경력3년↑,서울,50
㈜사이넷,[사이넷] 데이터 분석가 채용 (주 4일제 ),경력1년↑,서울,51
아이뱅크,"구글 애널리틱스(GA) 고객 행동 데이터 분석가 채용 - 신입,경력 정규직",경력무관,서울,52
㈜뉴트리원,(주)뉴트리원 경영전략/데이터 분석 팀장급 채용,경력8년↑,서울,53
㈜게임듀오,데이터 분석가,경력무관,경기,54
콘센트릭스서비스코리아(유),고객 및 디지털 데이터 분석 (차-부장급),경력5년↑,서울,55
콘센트릭스서비스코리아(유),데이터 분석(태깅) (사원/대리),경력1년↑,서울,56
㈜테이큰소프트,[신입/경력] 데이터분석/인공지능 인재 채용,신입·경력,경북 외,57
넛지헬스케어㈜,[캐시워크] 데이터분석가 - 석사/박사,경력무관,서울,58
이원다이애그노믹스㈜,EDGC 마케팅기획팀 데이터분석 담당 정규직 채용,신입·경력,인천,59
㈜테크랩스,[TECHLABS/테크랩스] 마케팅 데이터분석 (브랜드엑셀러레이팅사업부/데이터분석팀),경력2년↑,서울,60
㈜게임듀오,데이터 분석가 (Expert) 모집,경력3년↑,경기,61
주식회사 더메종,리빙브랜드 마틸라 데이터분석 [경력] 채용,경력3년↑,서울,62
㈜이와이드플러스,"[수원] 앱/웹 서비스 리서치/데이터 분석, 리포팅 담당자 채용",경력무관,경기,63
㈜트라이씨클,[LF 계열사] 트라이씨클 IT개발본부 데이터 분석/기획 담당 경력사원 채용,경력무관,서울,64
㈜에이브랩스,데이터 분석 (Data Scientist) 채용,신입·경력,서울,65
㈜씨즈데이터,주니어 데이터 분석가/데이터 사이언티스트,경력무관,서울,66
㈜엑셀리언트,"웹 데이터 분석을 위한 GA, GTM Tech 컨설턴트 모집",경력2년↑,서울,67
골프존지디알아카데미 주식회사,[골프존GDR아카데미] 데이터 분석 엔지니어 모집,경력2년↑,서울,68
(주)제이엠피코리아,[국비무료/취업실무준비]딥러닝기반 데이터분석 서비스 전문가과정 교육생 모집,경력무관,서울 외,69
㈜골든플래닛,구글 애널리틱스 기획운영/데이터분석- 신입경력,경력,서울,70
콜로세움코퍼레이션,데이터 분석가 (1년차 이상),경력1년↑,서울,71
㈜이지넷유비쿼터스,디지털가전/팀장 (전략기획/데이터분석/마케팅) 경력직 채용,경력5년↑,서울,72
오토앤㈜,"자동차애프터마켓 ll ICT연구소 담당자 채용(TPM, 데이터분석가, UX기획, PO)",경력무관,경기 외,73
㈜수학에 심장을 달다,[AI 수학 학습 프로그램] 데이터 분석가 모집,경력2년↑,서울,74
㈜리팅랩스,[신사역/3개월 계약직] 데이터분석팀 보조 사원 채용,경력무관,서울,75
㈜케이씨엠에스,"인천 한국씨티은행 ISG 업무 데이터 분석 및 PM, Java, Pro-C, 금융권 경험자를 모집 합니다. (k05)",신입·경력9년↑,인천,76
㈜게임아이,게임 데이터 분석 서비스의 UI/UX 디자이너 채용,경력무관,서울,77
㈜케이뱅크은행,고객데이터분석/마케팅플랫폼 엔지니어 채용,경력,서울,78
㈜이투온,데이터 분석 경력자 모십니다 (인공지능 솔루션),경력2년↑,서울,79
㈜케이지제로인,[KG제로인] 펀드데이터분석 및 상품기획 경력자 채용,경력5년↑,서울,80
㈜LG유플러스,[품질혁신센터] NW장비 데이터 분석/연동시험,경력3년↑,대전,81
㈜에스비앤파트너스,[인테리어 플랫폼] 데이터 분석에 능한 마케팅 팀장을 모집합니다.,경력4년↑,서울,82
에이블애널리틱스,"데이터 분석, 머신러닝 및 AI 신입/경력 채용",신입·경력,서울 외,83
렉스소프트㈜,"디지털 헬스케어 보건의학 통계, 데이터 분석 전문가",경력무관,서울,84
㈜주군컴퍼니,"온라인광고 기획 및 운영관리, 퍼포먼스 마케팅, 데이터 분석",경력,서울,85
㈜새롬씨앤씨,공공기관 포털시스템 구축  데이터분석 (세종),경력2년↑,서울,86
㈜참진상사,"쇼핑몰발주,C/S,송장처리,데이터분석",경력무관,서울,87
㈜오픈메이트,[오픈메이트] 데이터 분석분야 신입/경력 인재 모집,신입·경력3년↑,서울,88
안진회계법인,[안진회계법인] 재무자문본부 금융기관 데이터 분석 전문가,경력5년↑,서울,89
㈜에이치앤컨설팅,스포츠 데이터 분석가 모집,경력무관,서울,90
㈜플렉싱크,데이터 분석팀 채용,경력,제주,91
㈜새론솔루션,[경력] 데이터 분석 및 AI 개발자 채용공고,신입·경력,경기,92
글로빛㈜,"[글로빛] 빅데이터분석,AI(머신러닝,딥러닝) 가능한 박사님 모십니다.",경력무관,서울,93
㈜조인아이티,"SI(개발)/위원회.데이터분석/세종/즉시-23.12.31/초급-중급/상세참조/가능자(통계모델경험/SQL,Python,R등분석)/반프리/",경력3년↑,세종,94
이노에이치,"디지털 퍼포먼스 마케팅 기획 및 운영관리, 데이터 분석",신입·경력,서울,95
iRT㈜ [아이알티㈜],데이터 분석 / 발주 솔루션 신입/경력 Web 개발자(Servlet/JSP/Oracle) 모집,경력무관,서울,96
에스씨301의원,"[SC301의원 삼성동/코엑스] 데이터 분석, 통계 및 텍스트 마이닝 가능자",경력무관,서울,97
㈜올위메이크이즈,"자사몰MD채용. 자사몰판매&관리, 상품등록, 데이터 분석,",경력4년↑,서울,98
(주)제이엠피코리아,[K-디지털 국비지원] 딥러닝기반 데이터 분석 강사 채용,경력무관,서울,99
㈜헥토,AI를 이용한 데이터 분석 가능한 개발자,경력10년↑,서울,100
㈜케이지아이티뱅크,[KG에듀원 아이티뱅크] IT 국비교육 강사모집(클라우드/AI/데이터분석),경력무관,서울,101
㈜에프에이솔루션,[에프에이솔루션] 데이터 분석 및 AI 모델개발/관련 어플리케이션 개발,신입·경력,서울,102
한영회계법인,컨설팅부문 Data & Analytics팀 (CRM/데이터 전략/분석) 컨설턴트 경력직,경력5년↑,서울,103
한국타이어앤테크놀로지,[R&D] Data Analytics(데이터 수집 및 분석),신입·경력,대전,104
㈜유니에스,[LG화학본사/여의도] DX분석팀 데이터라벨링 개발자 채용,경력무관,서울,105
㈜애큐온저축은행,고객분석 및 데이터관리 경력직 모집,경력,서울,106
㈜천재교과서,"천재교과서 밀크T 대학/고등 입시 데이터 기획, 분석 담당자 채용",경력5년↑,서울,107
㈜마루에이치알,"[현대카드/라이프스타일1팀]데이터 추출/분석, 마케팅 운영지원",경력무관,서울 외,108
㈜세마그룹,[병원컨설팅] 데이터 통계분석 담당(병원만족도조사 솔루션),경력무관,대구,109
㈜빌트온,빅데이터 분석가 / 데이터 사이언티스트 채용,경력무관,서울,110
다이트한의원,[다이트한의원 본점] 운영기획 (영업기획/매출분석/세일즈데이터 경험자 우대),경력6년↑,서울,111
㈜알에스엔,[신입 / 경력] 소셜 빅데이터 분석 컨설턴트(데이터 사이언티스트) 채용,신입·경력3년↑,경기,112
㈜인라이플,[주4.5일근무] 데이터 연구/분석자 채용,경력3년↑,서울 외,113
마크클라우드,특허/상표 데이터 등 분석(Python) 및 사업 기획 신규/경력 모집 - 정규직,신입·경력,서울,114
㈜파이디지털헬스케어,데이터사이언티스트 (분석가) 채용,경력2년↑,서울,115
㈜오톰,기획팀 정규직 채용(데이터 수집/분석/정리),경력5년↑,광주,116
라텔앤드파트너즈,DBA (MSSQL의 프로시저 분석 및 데이터 추출),경력5년↑,서울,117
㈜파밀리데이터,Java개발자/ 데이터처리 및 분석개발자,신입·경력2년↑,경기,118
㈜트라이씨클,[LF 계열사] 트라이씨클 하프클럽 CRM팀 데이터 기획/분석 담당 경력사원 채용,경력3년↑,서울,119
유코카캐리어스㈜,2023년 EUKOR Car Carriers 신입사원 채용,신입,서울,120
(재)씨젠의료재단,"2023년도 하반기 (재)씨젠의료재단 우수인재 공채(사업부문, 검사부문)",신입,서울 외,121
영보화학㈜,IT 분야 정규직 신입사원 모집,신입,충북,122
㈜세정서울지사,2023년 (주)세정 신입(인턴) 채용(채용연계형인턴),신입,서울 외,123
㈜아이디스,㈜아이디스 2023년 3분기 집중채용 (신입/경력),신입·경력,경기 외,124
주식회사 룩캐스트,[온라인 패션 쇼핑몰] 패션 브랜드 룩캐스트 각 부분 채용,신입·경력1년↑,서울 외,125
㈜슈피겐코리아,슈피겐코리아 채용연계형 인턴/경력 공개 채용,신입·경력3년↑,서울 외,126
(재)성남산업진흥원,2023년도 성남산업진흥원 직원 공개모집 공고,경력무관,경기,127
㈜헥토파이낸셜,[헥토파이낸셜] 각 부문 모집 (사업전략/기획팀/인바운드영업/앱개발),신입·경력,서울,128
㈜삼양인터내셔날,골프 PING(핑골프) 영업기획팀 정규직 채용,경력3년↑,서울,129
잡코리아(유),영업 시스템기획 (경력 5년 이상),경력5년↑,서울,130
KB캐피탈㈜,KB캐피탈 각 부문 채용(계약직 및 정규직),신입·경력4년↑,서울,131
㈜헥토헬스케어,[헥토헬스케어] 각 부문별 채용,경력3년↑,서울,132
㈜모나미,각 부문별 경력 사원 채용,신입·경력,경기,133
KGC인삼공사,2023년 한국인삼공사 하반기 분야별 경력사원 모집,경력3년↑,대전 외,134
한화정밀기계㈜,한화정밀기계㈜ 23년 경력사원 채용,경력1년↑,경기 외,135
오로라월드㈜,"[오로라월드] 콘텐츠랩 - PD, 작가, 2D & 3D 아티스트 채용",신입·경력,서울,136
㈜올수,2023 하반기 각 부문 경력직 채용 (디자이너/ 마케팅기획/ 풀스택개발),경력3년↑,경기 외,137
㈜파리크라상,"[파리크라상] 9월 경력/신입직 모집(PB가맹SV, B2B상품기획)",신입·경력5년↑,서울 외,138
㈜티비에이치글로벌,2023년 ㈜티비에이치글로벌 부문별 경력직 모집,신입·경력,서울,139
포스코스틸리온,2023년 하반기 포스코스틸리온 대졸 신입(채용 연계형 인턴)/ 경력사원 채용,신입·경력4년↑,경북 외,140
㈜피씨디렉트,"2023년 하반기 각 부문 채용 (해외구매,채널관리/자금,IR/기술영업/영업,기술영업/유통영업관리)",신입·경력,대구 외,141
디에이전시㈜,[주35시간] 디지털마케팅AE (월 인센티브 별도) 프로마케터 채용,신입·경력,서울 외,142
SM그룹,"[SM그룹 재무본부] M&A실행/지원, 회계/세무, 경영기획, 자금, 브랜드전략 경력직 채용",경력3년↑,서울 외,143
세종텔레콤㈜,2023년 세종텔레콤 사원모집,신입·경력,서울,144
현대자동차㈜,현대자동차 경력직 채용 IT 부문,경력3년↑,서울,145
㈜소노인터내셔널,[대명소노그룹] 부문별 신입/경력 인재채용,신입·경력,서울 외,146
로지스올그룹,"로지스올시스템즈 신입/경력사원 채용(IT시스템 개발, 전산지원)",신입·경력1년↑,서울,147
㈜농협정보시스템,농협정보시스템 경력직 직원 모집,경력2년↑,서울,148
통로이미지㈜,[정규/경력] 클립아트코리아 웹서비스 기획자 채용,경력5년↑,서울,149
㈜보나비,(주)보나비 전산/특판(영업) 신입 및 경력사원 모집,경력무관,서울,150
㈜올가홀푸드,"[풀무원] ORGA IT(POS&ERP), 유통영업, 검품, 상품기획, 상품개발",경력,서울 외,151
로젠㈜,2023년 로젠㈜ 하반기 정기 채용 모집,신입·경력,서울 외,152
에이치디씨현대산업개발,2023 신입/경력사원 공개채용,신입·경력,서울 외,153
SK증권㈜,리서치센터 RA 신입 및 경력/체험형 INTERNSHIP 시행,신입·경력1년↑,서울,154
바이탈에어코리아㈜,바이탈에어코리아㈜ 각 부문별 신입 및 경력 채용,신입·경력,서울 외,155
DL케미칼㈜,2023년 하반기 DL케미칼 대졸 경력 및 연구원 채용,신입·경력,대전 외,156
㈜이엠넷,㈜이엠넷 디지털마케팅 AE부문 신입/경력 채용 [부산지사],신입·경력,부산,157
신평택발전㈜,신평택발전(주) LNG분야 경력/신입 직원 채용,신입·경력,경기,158
㈜이랜드이노플,이랜드이노플 개발자/엔지니어 경력채용,경력2년↑,서울,159
메타넷디지털㈜,㈜ 메타넷티플랫폼 AWS Engineer 대규모 채용,경력2년↑,서울 외,160
한국직업전문학교,[국비무료IT취업교육] AI교육/자바(JAVA)웹/앱개발/프론트엔드/백앤드/풀스택/빅데이터/IT전문교육 취업연계시스템 교육,신입·경력,서울 외,161
㈜신세계아이앤씨,"신세계아이앤씨 SW개발/운영, 기획, 클라우드, AI, 영업, 보안 경력직 모집",경력,서울 외,162
샤넬코리아(유),[샤넬코리아] 하반기 각 부문 공개채용,신입·경력,경기 외,163
현대자동차㈜,"현대자동차 경력직 채용 사업/기획, 경영지원, 디자인 부문",경력,서울 외,164
㈜우아한형제들,각 부문별 경력/신입 인재영입,신입·경력,서울,165
다인정공,(주)다인정공 신입/경력사원 수시채용,신입·경력,경기 외,166
㈜SK커뮤니케이션즈,SK커뮤니케이션즈 부문별 경력직 모집,경력,서울,167
한국미쓰비시전기오토메이션㈜,신입/경력사원 채용,신입·경력1년↑,서울 외,168
미래에셋생명보험㈜,2023년 IT 개발 경력사원 채용,경력2년↑,서울,169
㈜에스에프에이,2023년 SFA 공개채용 (경력 및 신입),신입·경력,경기 외,170
㈜한국종합공해시험연구소,각 부문별 환경산업기사 채용공고,신입·경력,서울,171
㈜맥슨모터코리아,"[맥슨모터코리아, 맥슨모터매뉴팩처링] 2023년 하반기 신입/경력 공채",신입·경력,서울 외,172
㈜비즈테크아이,"[LG그룹] 솔루션 엔지니어(SE), 클라우드 아키텍처(TA/AA) 경력 채용",경력2년↑,서울,173
아이헤이트플라잉버그스,[에듀테크] 밀당PT 교육 분야 대규모 채용,신입·경력,서울 외,174
㈜아이센스,㈜아이센스 2023년 하반기 신입 및 경력 수시채용,신입·경력,강원 외,175
쿠쿠홀딩스,2023년 경력 및 신입사원 인재채용,신입·경력,경남 외,176
통로이미지㈜,[정규/경력] 클립아트코리아 에디터개발팀 프론트(React) 개발자 채용,경력5년↑,서울,177
통로이미지㈜,[정규/경력] 클립아트코리아 웹 개발자 채용 (PHP),경력3년↑,서울,178
㈜대우에스티,[대우건설 자회사]'23년 신입/경력직 공개채용 (경영기획/철골생산관리/현장소장/PC/노무(사무)관리/CS),신입·경력,강원 외,179
㈜파라다이스세가사미,2023년 파라다이스시티 각 부문 채용,신입·경력,인천 외,180
슈어소프트테크㈜,[슈어소프트테크] 2023년 하반기 채용연계형 인턴 모집,경력무관,경기 외,181
한국생활건강,2023년 하반기 각 부문 신입/경력사원 모집,신입·경력,경기 외,182
주식회사 케이에프씨코리아,KFC 각 부문별 신입/경력 채용 [전략기획/CS/영업지원/노무/법무/IT/디자이너],신입·경력,서울,183
롯데렌탈㈜,[롯데렌탈] 신입사원 모집 (계약직)자동차관리/데스크/채널영업/영업지원/영업지원(렌탈파트너),신입,서울 외,184
국민건강보험공단,2023년도 하반기 신규직원 채용,신입,전국,185
경신,연구본부 신입사원 수시채용,신입,인천 외,186
롯데컬처웍스,2023년 8월 신입사원 채용 일반전형,신입,서울,187
알씨아이파이낸셜서비스코리아㈜,모빌라이즈파이낸셜서비스코리아 심사팀 인턴 모집 공고,신입,서울,188
케이티,2023년 R&D분야 신입 석사 채용(9차),신입,서울,189
한성자동차㈜,한성자동차 본사 마케팅 및 AS기획 채용,경력,서울,190
코오롱오토모티브㈜,각 지점별 신입 및 경력 모집,경력무관,서울 외,191
㈜아프리콧스튜디오,㈜아프리콧스튜디오 각 부문 채용,신입·경력3년↑,서울,192
㈜원림,[㈜원림] 본사 및 부산공장 부문별 모집,신입·경력,경남 외,193
㈜아이포터,"[연3000-5000만]일본 쇼핑몰(라쿠텐, 큐텐) 운영파트장/운영관리/디자이너 경력 모집",경력1년↑,서울 외,194
㈜우주텍,"2023하반기 각분야 채용(웹디자인/쇼핑몰 관리/브랜드 마케터/온라인MD/글로벌 아웃소싱/물류관리/신발 디자이너/생산, 외주관리)",경력,경기 외,195
한국미디어마케팅그룹㈜,2023년 마케팅솔루션팀 신입 / 경력 인재채용,신입·경력,서울 외,196
㈜브릴스,[브릴스(BRILS)] 조직문화부 총무 / 마케팅 담당자 정규직 채용,경력2년↑,인천 외,197
㈜케이엔에스에듀,"KNS어학원 각부문 채용(초중고등부 영어강사/상담직/기획,마케팅/교재 연구원)",신입·경력1년↑,서울,198
㈜올댓페이,"[㈜올댓페이]2023년 하반기 [VAN, PG, KIOSK, POS] 고객지원, 영업,재무,회계 정규직 채용",경력무관,서울,199
유진정밀㈜,경리 총무 / 온라인 사업개발 / 콘텐츠 마케터 각 분야 모집,경력3년↑,서울 외,200
사러가,각 부문 채용 [부점장/공산품 팀관리자/청과파트원] 채용,경력,서울,201
유니닥스㈜,[유니닥스(주)] 2023년 각 부문별 [경력/신입] 채용,신입·경력,서울,202
SPC삼립,"[SPC삼립] 부문별 경력직 모집 (인사, 마케팅, 마케팅전략, IT, 이커머스)",경력,경기 외,203
케이지씨라이프앤진,[KGC인삼공사 자회사] KGC라이프앤진 정규직 신입 채용(온라인MD),신입,서울,204
㈜바운스,[실내테마파크] (주)바운스 신입 및 경력직 채용,신입·경력,서울 외,205
㈜네스필러PKG,[2023 하반기 공채] 화장품용기 해외영업/ 디자이너/ 마케팅 - ㈜네스필러PKG,신입·경력,경기 외,206
제이에프글로벌㈜,생산오더관리/ 의류품질관리/ 패션온라인쇼핑몰MD/ 의류디자이너- 각 부문 채용,신입·경력,경기 외,207
비씨엠,[의료기기 기업부설 연구소 연구원 /의료기기 국내외 RA 업무 담당자] 모집,신입,경기 외,208
㈜벡스테크놀로지스,무역팀(영어필수) / 경영지원팀 / 기술영업팀 채용,신입·경력,경기,209
강원전자㈜,"[강원전자] 무역, 주문관리, 영업관리, 디자인, 복지용구사업 채용",신입·경력2년↑,서울,210
엔리테일커머스 주식회사,종합 유통전문 기업 2023 공채[제7기] 신입직원모집,신입,경기 외,211
㈜글로벌모터서비스,[재규어랜드로버] Product Specialist(상품전문가) 모집,경력무관,서울 외,212
㈜에스티아이그룹,"온라인 쇼핑몰 영업팀, 영업관리팀 직원 및 웹페이지 디자인팀 직원모집",신입·경력2년↑,경기 외,213
㈜JYP 쓰리식스티,㈜JYP Three Sixty 2023 3분기 공개 채용,신입·경력,서울,214
한국제이에스티알앤디센터㈜,[자동차 커넥터] 영업직 / 연구개발직 부문별 채용,신입·경력,경기 외,215
휴먼교육센터,[전액무료] IT취업 자바/파이썬/인공지능/빅데이터 교육생 모집,신입·경력,서울 외,216
스카이랩스,2023 하반기 각분야 채용,신입·경력,경기 외,217
㈜삼우종합건축사사무소,[계약직] 2023년 하반기 모듈러분야 채용,경력3년↑,서울 외,218
㈜오누이,[에듀테크 스타트업 오누이/설탭] 분야별 채용,신입·경력,서울,219
대한법률학원,[국비무료 취업연수생] 법률사무원 취업희망자 모집,신입·경력,경기 외,220
㈜비즈테크아이,"[LG그룹] BW/SAC 컨설턴트, 데이터엔지니어, SAP SM, NON-ERP(인사), JAVA 경력사원 모집",경력,서울,221
㈜이베스트파트너스,"MZ/ 최대연봉/ 최상의복지/ TM영업/ 경영지원 [유튜브, 언론사 퍼미션 DB제공] 거래소/ 레퍼럴/ 주식/ 증권/ 펀드/ 보험/ 영업/ 인바운드/ 아웃바운드/ TM/ 텔레마케터",신입·경력,서울 외,222
에어리퀴드솔루션즈코리아(유),2023년 순환근무직 신입직원 및 각 분야별 채용,신입·경력,서울 외,223
㈜점포라인,부동산 온라인중개업 [주간수당.출근 없는 자유업/교육기간3개월]신입경력 직원모집,경력무관,서울 외,224
㈜온리스타일,'갠소' 쇼핑몰 웹디자이너/CS 채용,신입·경력,경기 외,225
숭실대학교,2023년 숭실대학교 신입직원 채용공고(일반직-전산),신입,서울,226
필에너지,주식회사 필에너지 하반기 공개채용 신입/경력,신입·경력,경기 외,227
양전자시스템 ㈜,기구설계 및 기계설계 직원모집,신입·경력,경기 외,228
㈜블루포트,경력직 개발자 채용공고,경력2년↑,서울,229
㈜네오팜,"[아토팜/리얼베리어 화장품] BM, 온라인MD, 화장품 연구개발, IT보안 경력직 채용",경력2년↑,대전 외,230
㈜365위더스,"패션 디자이너, CS, 생산MD, 중국제품 MD, 영상편집 [ 자유롭고 수평적인 문화로 함께 성장합니다]",경력1년↑,서울,231
㈜서북,[서북/photoism] 2023 하반기 분야별 채용공고,신입·경력,충남 외,232
㈜스피드랙,[김포] 마케팅 기획 / 웹디자인 / 생산 / 물류 부문별 신입 및 경력사원 채용,신입·경력,경기 외,233
제이드스튜디오스,"[아동복 브랜드] 온라인 유통 MD (AMD, 외부몰/폐쇄몰 운영), 마케터 (자사 브랜딩, 퍼포먼스 마케팅, 바이럴, 콘텐츠 기획, 라이브방송), 상품기획 MD, CS고객관리 정규직 채용",신입·경력1년↑,경기 외,234
㈜비즈테크아이,[LG그룹] 비즈테크아이 인재개발실 경력 채용 (채용/총무),경력1년↑,서울,235
㈜끌리메,끌리메 마케팅/VMD/상품기획/인사팀 대규모 채용,경력1년↑,서울,236
㈜인사이드정보,[신입/경력] 인사이드정보 검색/챗봇 개발자 및 엔지니어 채용,신입·경력5년↑,서울,237
㈜이노지에스코리아,개발실 (웹사이트 개발) / 연구소 / 온라인쇼핑몰 MD 및 마케팅 부문 신입 및 경력채용,신입·경력,서울,238
㈜미네랄하우스,[화장품 닥터딥] 온라인마케팅 / 퍼포먼스 마케터 팀장급 및 사원 채용,신입·경력2년↑,경기,239
㈜바이와이제이,"[NAIN나인/로라로라/바스타일] 상품기획, 해외사업, 생산품질, 패션ACC 잡화 굿즈 디자이너, 피팅, 브랜딩, 인플루언서 매니지먼트, 온라인MD, 마케팅 (신입/경력) 모집",신입·경력,서울,240
에어리퀴드코리아㈜,2023년 하반기 각 분야별 채용 공고,신입·경력,서울 외,241
대방고시㈜,대방고시(주) 마케팅 웹기획자(경력) 모집,경력,서울,242
㈜유유제약,㈜유유제약 e커머스영업마케팅팀 경력직 모집,경력3년↑,서울,243
현대IT&E,2023년 경력사원 수시채용(인프라(DBA)),경력,서울 외,244
현대IT&E,2023년 경력사원 수시채용(인프라운영(시스템)),경력,서울 외,245
현대IT&E,2023년 경력사원 수시채용(보안(기술보안)),경력,서울 외,246
현대IT&E,2023년 경력사원 수시채용(어플리케이션 개발 및 운영),경력,서울 외,247
현대IT&E,"2023년 경력사원 수시채용(웹/모바일 개발/운영, 보안, 인프라)",경력,서울 외,248
㈜컴퓨존,서버 기술영업 서버MD 신입/경력 채용,경력,서울,249
㈜이엠넷,디지털광고 디자이너 `팀장/경력/신입` 채용 [서울본사],신입·경력,서울,250
㈜이엠넷,디지털전략AE/ AP/ CW/ 영상부문 채용[서울본사],신입·경력,서울,251
씨에이치솔루션㈜,[롯데계열사/한국후지필름] 본사 영업지원 채용,경력무관,서울,252
㈜클리오,(주) 클리오 홈쇼핑영업 인턴사원 모집,신입,서울,253
㈜차이커뮤니케이션,차이커뮤니케이션 캠페인본부 디지털 컨텐츠 기획 경력직 채용,경력,서울,254
㈜판도라티비,블록체인 서비스 마케팅 담당,경력3년↑,경기,255
엘비루셈,파워개발팀 경력사원 모집,경력,경북,256
비플라이소프트㈜,전략기획본부 경영기획팀 경영기획 담당,경력3년↑,서울,257
에스제이더블유인터내셔널,[자회사] 영업기획 및 관리 담당자 채용,경력무관,서울,258
㈜더케이커넥트,[케이투코리아그룹] 08월 신입/경력사원 채용(영업관리),신입·경력,서울,259
㈜아이톡시,[ITOXI] 반려동물 플랫폼 기획자 모집,경력3년↑,서울,260
한영회계법인,사업지원(Business Development)팀 인턴,신입,서울,261
㈜유니테크,(주)유니테크 판교넥서스 영업관리 경력직 채용,경력3년↑,경기,262
㈜트랜스코스모스코리아,[트랜스코스모스] 채팅 비즈니스(채팅/챗봇) 기획 및 운영 담당자 채용 aq9W,경력무관,서울 외,263
㈜휴메딕스,[휴온스그룹]휴메딕스 ESG팀 경력직 모집,경력3년↑,경기,264
㈜포탈하이웨이,각 부문별 신입/경력 인재 채용,신입·경력,서울 외,265
㈜현대경제연구원,[현대경제연구원] 시장분석팀 연구원 채용,경력2년↑,서울,266
㈜엔씨소프트,[엔씨소프트][단기계약직] 언어 데이터 구축 및 처리를 위한 어시스턴트 모집,신입·경력,경기,267
㈜에코앤드림,[코스닥기업] 국내외 영업 신입/경력 채용,신입·경력,서울 외,268
코오롱그룹,2023년 코오롱그룹 8월 정기공채,경력,경기 외,269
㈜다이버,2023년 브랜드 굿즈팀/ 굿즈PM / 물류팀 직원 채용,신입·경력1년↑,서울 외,270
브이피㈜,모바일 서비스 기획 및 운영 경력 채용,경력1년↑,서울,271
㈜판도라티비,코인 전략 담당,경력3년↑,경기,272
㈜판도라티비,무비 블록 마케팅&사업 전략,경력3년↑,경기,273
에프에스티,(주)에프에스티 TCU사업부 각 부문 신입/경력 채용,신입·경력,경기,274
케이티넥스알,각 부문별 경력사원 수시채용(Technical Architect(TA)),경력,서울,275
케이티넥스알,각 부문별 경력사원 수시채용(백엔드개발),경력,서울,276
케이티넥스알,각 부문별 경력사원 수시채용(솔루션영업),경력,서울,277
케이티넥스알,각 부문별 경력사원 수시채용(Cloud Data Platform Engineer),경력,서울,278
케이티넥스알,각 부문별 경력사원 수시채용(프론트엔드 개발),경력,서울,279
케이티넥스알,각 부문별 경력사원 수시채용(Data Scientist),경력,서울,280
케이티넥스알,각 부문별 경력사원 수시채용,경력,서울,281
종근당,종근당 하반기 수시채용,신입·경력,서울 외,282
㈜한국문화진흥,컬쳐랜드 플랫폼개발팀 채용,신입·경력,서울,283
굿리치㈜,[본사] GA 수수료 기획/운영 팀장급 모집,경력15년↑,서울,284
㈜에이테크오토모티브,[자동차부품] 영업팀(기술영업) 담당자 모집,경력무관,경기,285
메가존클라우드㈜,IT Sales Manager 인턴(정규직전환가능),신입·경력,서울,286
㈜케이엔(꼬끼오),생활용품 전문점 꼬끼오 유통영업 신입사원 채용,신입·경력1년↑,경기,287
㈜하나투어,하나투어 빅데이터 및 BI/DW 엔지니어 채용,경력3년↑,서울,288
씨제이프레시웨이,[CJ프레시웨이] 데이터기획 경력사원 모집,경력4년↑,서울,289
㈜놀부,(주)놀부 외식사업부문 관리자급 모집,경력7년↑,서울,290
에이블현대호텔앤리조트㈜,반얀트리클럽앤스파서울 Revenue Manager 채용,경력1년↑,서울,291
㈜이덕아이앤씨,[알레르망] 2023년 하반기 공채 모집,신입·경력,서울 외,292
㈜오토핸즈,[오토핸즈 본사] 중고차 영업관리 및 운영 경력직 모집,경력2년↑,서울,293
브랜디,[브랜디] CRM 마케터,경력2년↑,서울,294
한영회계법인,마켓부문 Strategy & Analytics 경력직,경력2년↑,서울,295
㈜에스티오(STO),(주)에스티오 신입/경력사원 수시채용  (매장관리),신입·경력1년↑,서울,296
㈜풀무원,국내 및 해외사업 SCM 개선 담당자,경력,서울,297
㈜누리미디어,[DBpia] 영업 기획 팀장 (차/부장급),경력7년↑,서울,298
㈜누리미디어,[DBpia] 서비스 기획 팀장 (차/부장급),경력7년↑,서울,299
주식회사 젠큐릭스,[젠큐릭스] BI 개발자 우수인재 채용,경력3년↑,서울,300
에이치엘홀딩스,Global Sourcing 경력직 채용,경력,서울,301
에이치엘홀딩스,Catalog Manager 경력직 채용,경력,서울,302
주식회사 어바웃펫,[GS리테일] 어바웃펫 CRM마케팅 채용,경력,서울 외,303
에이치엘홀딩스,DT 기획 경력 채용,경력,서울,304
알에프에이치아이씨㈜,[신입/경력] Sales&Management 담당자 채용,신입·경력,경기,305
㈜재능이아카데미,[재능그룹] JEI 재능이아카데미 경영지원팀 채용,경력3년↑,서울,306
㈜아데코코리아,[리치몬트/반클리프아펠] Retail Assistant (신입-경력2년이하),신입,서울,307
엘지유플러스,[CSO] 모바일 앱 서비스 개발 및 운영 PM 경력사원 채용,경력,서울,308
고려신용정보㈜,고려신용정보㈜ 금융자산부문 영업2팀 정규직 신입/경력 채용,경력무관,서울,309
㈜SG세계물산,[SG세계물산] 남성복 상품기획MD 경력채용 (6년 이상),경력6년↑,서울,310
크레비스파트너스,[브릭투웍스] 서비스 기획 하반기 인턴,경력무관,서울,311
서린정보기술㈜,[서린정보기술] 기술 영업 경력 채용,경력3년↑,서울,312
㈜바이킹그룹,[유통사업부문]거래처관리/영업담당자 정규직채용,경력무관,인천 외,313
희성촉매㈜,"정규직 신입/경력사원 채용 - 연구개발, 생산, 영업, 품질경영",신입·경력,경기 외,314
SK매직,[SK매직] 경영분석 경력 인재영입,경력2년↑,서울,315
그린랩스,[그린랩스] 팜모닝 마케터 (인턴),경력무관,서울,316
비에이치아이㈜,비에이치아이(주) 신입 및 경력직 모집,신입·경력,경남 외,317
㈜웅진,(주)웅진 RPA 개발 경력사원 채용,경력3년↑,서울,318
주식회사 어바웃펫,[GS리테일] 어바웃펫 총판영업 담당자 채용,경력,서울 외,319
주식회사 어바웃펫,[GS리테일] 어바웃펫 CRM마케팅 파트장급 채용,경력,서울,320
㈜와이드모바일,와이파이도시락 영업 경력직원 모집,경력1년↑,서울,321
농업회사법인아이오크롭스,[Ag-tech 스타트업] 농업경영지원 매니저 채용,경력3년↑,서울,322
㈜누리미디어,[DBpia] 영업 기획/지원 (대리급),경력3년↑,서울,323
한국에스지에스 ㈜,SGS Korea 신뢰성 (내진/환경/전자파) 시험 영업직 모집,경력무관,경기,324
㈜헥토파이낸셜,[헥토파이낸셜] 전략기획/신사업발굴 업무 담당자 모집,신입·경력1년↑,서울,325
㈜푸드나무,[(주)푸드나무:랭킹닭컴] 오프라인 영업팀 채용 (팀장급),경력7년↑,서울,326
삼전순약공업㈜,경영기획 경력직 모집,경력5년↑,서울,327
메가스터디교육㈜,[메가스터디교육] 모바일 서비스 기획자 채용,경력5년↑,서울,328
베스핀글로벌㈜,"Field Marketing Specialist (주니어급, 계약직)",경력1년↑,서울,329
에스케이엠앤서비스,각 경력 구성원 상시 채용 (경영/사업 포지션 - 경영/사업 인재 DB),경력,서울,330
에스케이엠앤서비스,각 경력 구성원 상시 채용 (경영/사업 포지션 - Business(기획/마케팅/영업/운영)),경력,서울,331
에스케이엠앤서비스,각 경력 구성원 상시 채용 (경영/사업 포지션 - Corp.Mgmt(경영관리)),경력,서울,332
에스케이엠앤서비스,각 경력 구성원 상시 채용 (Tech 포지션 - 개발 인재 DB),경력,서울,333
에스케이엠앤서비스,각 경력 구성원 상시 채용 (Tech 포지션 - 개발/운영),경력,서울,334
에스케이엠앤서비스,각 경력 구성원 상시 채용 (Tech 포지션 - Native(iOS)),경력,서울,335
에스케이엠앤서비스,각 경력 구성원 상시 채용 (Tech 포지션 - Native(안드로이드)),경력,서울,336
에스케이엠앤서비스,각 경력 구성원 상시 채용 (Tech 포지션 - 웹풀스택),경력,서울,337
에스케이엠앤서비스,각 경력 구성원 상시 채용 (Tech 포지션 - 서버/백앤드),경력,서울,338
에스케이엠앤서비스,각 경력 구성원 상시 채용,경력,서울,339
㈜모나리자,(주)모나리자 [ 영업기획관리팀/대리점영업팀 경력사원 채용 ],경력4년↑,서울,340
㈜포스코이앤씨,[포스코이앤씨] 2023년 하반기 경력직 채용,경력,인천 외,341
호텔롯데,㈜호텔롯데 롯데시티호텔 & L7호텔 채용,신입·경력,서울 외,342
바텍엠시스,[바텍엠시스] 영업관리 담당자 모집,경력무관,경기,343
㈜네오랩컨버전스,"[NeoLAB] (국내영업, iOS개발, 시각디자인, S/W검증, 구매) 경력직 채용",경력3년↑,서울 외,344
굿리치㈜,[본사] 소비자보호 담당자 채용,신입·경력,서울,345
굿리치㈜,[본사] DB운영 담당자 채용,신입·경력,서울,346
오브젠㈜,[오브젠] CRM 타겟마케팅 및 분석 운영 대행,경력5년↑,서울,347
신세계건설㈜,신세계건설(주) 레저부문 마케팅(경력) 채용,경력3년↑,경기,348
네이버파이낸셜,글로벌결제 기획 및 운영 담당자 모집,경력,경기,349
LG에너지솔루션,2023년 8월 경력사원 모집(소형전지 검사기술),경력,충북,350
YES24㈜,[YES24] 마케팅본부 그로쓰팀 마케터 채용 (정규직),경력3년↑,서울,351
㈜시큐레이어,[솔루션영업팀] 솔루션 영업AM 인재를 모십니다.,신입·경력,서울,352
㈜엔씨소프트,[엔씨소프트][2023] 그래픽 아웃소싱 PM 모집,경력2년↑,경기,353
잡코리아(유),신사업 운영관리 시니어급 인재 채용,경력5년↑,서울,354
잡코리아(유),신사업 전략기획 시니어급 인재 채용,경력5년↑,서울,355
㈜유유제약,㈜유유제약 영업기획팀 경력직 모집,경력9년↑,서울,356
㈜인라이플,[주4.5일근무] 퍼포먼스 마케터 채용,경력5년↑,서울 외,357
㈜드림어스컴퍼니,IRIVER 온라인 영업 지원,경력2년↑,서울,358
㈜이엔에스코리아,[이엔에스코리아] 마케팅 담당 인재를 모집합니다,경력3년↑,서울,359
㈜에스엠씨인터내셔널,[디저트39] Cafe프랜차이즈 본사 가맹점 슈퍼바이저 및 오픈바이저 채용,경력무관,서울,360
광동제약,[광동제약] 약국사업본부 약국마케팅팀 마케팅 PM 경력직원 모집,경력3년↑,서울,361
대교,(주)대교 각 부문 경력사원 채용,신입·경력,서울,362
LT소재㈜,LT소재 용인본사 신사업기획팀 경력사원 채용,경력3년↑,경기,363
㈜보나비,(주)보나비 경영지원팀 경력사원 모집,경력,서울,364
데이즈온㈜,데이즈온㈜ 종합몰MD 채용,신입·경력,서울,365
엘지전자㈜,[BS사업본부] `23년 8월 경력채용 - Informaion Display 클라우드 서비스 기획,경력,서울,366
㈜중앙애드넷아이엔씨,광고 마케팅 운영자 신입 및 경력 모집,신입·경력2년↑,서울,367
㈜원봉,2023년 하반기 정규 채용공고,신입·경력,경기 외,368
굿리치㈜,[본사] 법인영업 및 WM센터 업무지원 담당자 모집,경력4년↑,서울,369
굿리치㈜,"[본사] 보험 영업기획부문 채용 (영업기획, 수수료)",경력2년↑,서울,370
굿리치㈜,"[본사] 보험 영업총괄부문 채용 (영업교육,영업기획)",신입·경력2년↑,서울,371
LG에너지솔루션,2023년 8월 R&D(CTO) 경력사원 모집 (Pack) - 스웰링해석기술,경력,대전,372
LG에너지솔루션,2023년 8월 R&D(CTO) 경력사원 모집 (Pack) - 선행공정해석,경력,경기,373
LG에너지솔루션,2023년 8월 R&D(CTO) 경력사원 모집 (Pack) - 구조해석,경력,대전,374
LG에너지솔루션,2023년 8월 R&D(CTO) 경력사원 모집 (Pack) - C4기반기술(해석),경력,대전,375
LG에너지솔루션,2023년 8월 R&D(CTO) 경력사원 모집 (Pack) - C4기반기술(물성),경력,대전,376
LG에너지솔루션,2023년 8월 R&D(CTO) 경력사원 모집 (Pack) - C4기반기술(설계),경력,대전,377
LG에너지솔루션,2023년 8월 R&D(CTO) 경력사원 모집 (Pack) - 원통형선행설계,경력,대전,378
LG에너지솔루션,2023년 8월 R&D(CTO) 경력사원 모집 (Pack) - 모듈기반기술,경력,경기,379
LG에너지솔루션,2023년 8월 R&D(CTO) 경력사원 모집 (Pack) - TP선행설계,경력,대전,380
LG에너지솔루션,2023년 8월 R&D(CTO) 경력사원 모집 (Pack) - CTP기반기술,경력,대전,381
LG에너지솔루션,2023년 8월 R&D(CTO) 경력사원 모집 (Pack) - Pack시스템검증,경력,대전,382
LG에너지솔루션,2023년 8월 R&D(CTO) 경력사원 모집 (Pack) - Pack시험기술,경력,대전,383
LG에너지솔루션,2023년 8월 R&D(CTO) 경력사원 모집 (Pack) - Pack3 제품설계,경력,대전,384
LG에너지솔루션,2023년 8월 R&D(CTO) 경력사원 모집 (Pack) - Pack전장부품설계,경력,대전,385
LG에너지솔루션,2023년 8월 R&D(CTO) 경력사원 모집 (Pack) - Pack설계개선,경력,대전,386
LG에너지솔루션,2023년 8월 R&D(CTO) 경력사원 모집 (Pack) - Pack2 제품설계,경력,대전,387
LG에너지솔루션,2023년 8월 R&D(CTO) 경력사원 모집 (Pack) - 원통형 EV Pack,경력,대전,388
굿리치㈜,[본사] TM채널 영업기획/지원 담당자 채용,경력1년↑,대전 외,389
LG에너지솔루션,2023년 8월 R&D(CTO) 경력사원 모집 (Pack) - 아시아 Pack,경력,대전,390
LG에너지솔루션,2023년 8월 R&D(CTO) 경력사원 모집 (Pack) - LEV Pack,경력,경기,391
LG에너지솔루션,2023년 8월 R&D(CTO) 경력사원 모집 (Pack) - IT Pack,경력,대전,392
LG에너지솔루션,2023년 8월 R&D(CTO) 경력사원 모집 (Pack) - 설비기술,경력,충북,393
LG에너지솔루션,2023년 8월 R&D(CTO) 경력사원 모집 (Pack) - 공정기술,경력,충북,394
LG에너지솔루션,2023년 8월 R&D(CTO) 경력사원 모집 (Pack) - 검사기술,경력,충북,395
LG에너지솔루션,2023년 8월 R&D(CTO) 경력사원 모집 (BMS) - Backend Infra개발,경력,경기,396
LG에너지솔루션,2023년 8월 R&D(CTO) 경력사원 모집 (BMS) - iOS App개발,경력,경기,397
LG에너지솔루션,2023년 8월 R&D(CTO) 경력사원 모집 (BMS) - 진단개발,경력,경기 외,398
LG에너지솔루션,2023년 8월 R&D(CTO) 경력사원 모집 (BMS) - BMS SW개발,경력,경기,399
LG에너지솔루션,2023년 8월 R&D(CTO) 경력사원 모집 (BMS) - BMS HW개발,경력,대전,400
LG에너지솔루션,2023년 8월 R&D(CTO) 경력사원 모집 (BMS) - Sox알고리즘개발,경력,경기 외,401
LG에너지솔루션,2023년 8월 R&D(CTO) 경력사원 모집 (BMS) - 전력변환시스템개발,경력,경기,402
LG에너지솔루션,2023년 8월 R&D(CTO) 경력사원 모집 (BMS) - Data분석,경력,경기,403
LG에너지솔루션,2023년 8월 R&D(CTO) 경력사원 모집 (BMS) - TPM,경력,경기,404
굿리치㈜,[본사] 법인영업지원 담당자 채용,경력4년↑,서울,405
LG에너지솔루션,2023년 8월 R&D(CTO) 경력사원 모집 (Pack),경력,대전 외,406
LG에너지솔루션,2023년 8월 R&D(CTO) 경력사원 모집 (BMS),경력,대전 외,407
㈜엔씨아이티에스,[NC 자회사] ㈜NC ITS 게임웹운영 인원 채용,신입·경력,경기,408
케어캠프㈜,[케어캠프(주)] BD(Business Development) 경력직원 모집,경력10년↑,서울,409
허브넷굿컴퍼니닷컴,"기획 마케터 신입/경력 채용 [네이버, 카카오 공식대행사 허브넷굿컴퍼니닷컴(주)]",경력무관,서울,410
신라에이치엠㈜,"[신라스테이 본사] 마케팅팀 마케터,웹디자이너,고객분석담당자 경력사원 채용",경력,서울,411
㈜비타소프트,"[신입, 경력] UI/UX 기획, 웹기획자 채용",경력무관,서울,412
F&F,[경력] MLB 마케팅팀 경력직 채용(키즈 전략기획 의류/용품 담당),경력,서울,413
F&F,[경력] MLB 마케팅팀 경력직 채용(키즈 마케팅 총괄),경력,서울,414
F&F,[경력] MLB 마케팅팀 경력직 채용(인플루언서 마케팅),경력,서울,415
F&F,[경력] MLB 마케팅팀 경력직 채용,경력,서울,416
㈜안연케어,[안연케어] 영업지원 담당자 모집,경력무관,서울,417
아이투맥스,[Salesforce/업계 1위] Business Analyst(경력) 채용,경력3년↑,서울,418
레몬헬스케어,마케팅 전문가 채용(그룹장),경력5년↑,서울,419
㈜슈가힐,[직방자회사/네모] Contents 사업개발 채용 (신입),신입·경력,서울,420
㈜이도,(주)YIDO 부동산부문 글로벌 전략기획 담당자(사원급) 채용,신입·경력1년↑,서울,421
㈜케이앤웍스,[신입/경력] 카카오맵/네비 도로 데이터 업데이트 담당자 모집,신입·경력,서울,422
메인트란스㈜,메인트란스 프로젝트 관리 및 공정관리자 정규직 채용,경력무관,서울,423
㈜시티건설,신내역 신규 스포츠센터 팀장 채용,경력10년↑,서울,424
도미노피자(청오디피케이),도미노피자 본사(청오디피케이) 공개채용(정보전략팀),경력3년↑,서울,425
㈜제우인터내셔날,LMR & SOCKSTOP 마케터 채용,경력3년↑,서울,426
㈜애드이피션시,[글로벌] 디지털 퍼포먼스 광고 경력 & 인턴 AE 모집,경력,서울,427
㈜경보제약,경보제약 MR 채용,신입·경력,서울 외,428
㈜쏘카,사업기획 매니저(쏘카플랜),경력5년↑,서울,429
㈜쏘카,사업기획 매니저(쏘카스테이),경력8년↑,서울,430
카카오뱅크,서비스 기획자 - 결제 서비스,경력,경기,431
브랜디,[하이버] 온사이트 마케터 (파트타임 계약직),경력무관,서울,432
카카오뱅크,자산건전성분류 및 대손충당금 총괄 관리 담당자,경력,경기,433
㈜엔픽셀,[그랑사가] 사업 PM 모집,경력,서울,434
㈜KG에듀원,[KG에듀원] CS운영 / 사업기획 각 부문 담당자 채용,경력무관,서울,435
㈜인라이플,[주4.5일근무] 전략 기획자 인재 채용,경력,서울 외,436
카카오뱅크,가계여신 신용리스크관리 담당자,경력,경기,437
㈜인라이플,[주4.5일근무] B2C APP Service 사업부장급 채용,경력10년↑,서울 외,438
카카오뱅크,STR 모니터링 업무 담당자 (계약직),경력,서울,439
㈜한솔교육,(주)한솔교육 가맹 영업기획/지원 경력직 모집,경력5년↑,서울,440
㈜단군소프트,"2023년 신입, 경력사원 8월 수시 채용",신입·경력,서울,441
㈜해커스어학원,[신입/경력] 기업교육 홍보기획/마케팅 채용,신입·경력,서울,442
㈜컴퓨존,온라인영업팀(자사몰)[정규직]/ 영업지원팀(가격운영)[정규직] 채용,경력무관,서울,443
㈜동화세상에듀코,마케팅 기획자 채용 ( 앱 포퍼먼스 마케팅 ),경력,서울,444
㈜하나투어,하나투어 CRM팀 경력직 채용,경력1년↑,서울,445
한국코러스㈜,한국코러스 주식회사 영업관리팀 경력직 팀원 모집 (제약회사),경력,서울,446
(주)섹타나인,[SPC그룹][Secta9ine] 리테일테크 사업개발(BD) 및 전략기획 담당자 수시 채용,경력3년↑,서울,447
㈜넷맨,㈜넷맨 영업 신입/경력 상시채용,신입·경력,서울,448
㈜씨에이치씨랩,(주)CHC LAB 영업관리 담당자 채용(서울),경력무관,서울,449
㈜위닉스,(주)위닉스 마케팅파트 경력사원 모집,경력3년↑,경기,450
교육지대㈜,[교육지대] 플랫폼기획실 서비스기획팀원 모집,경력3년↑,서울,451
신세계푸드,식품유통본부 손익관리 경력사원 모집,경력,서울,452
한국아이큐비아㈜,[외국계/Healthcare/CRO] Business Development Assistant (1 Year Contract),신입·경력1년↑,서울,453
온라인팜㈜,[한미약품 관계사] 온라인팜 신입/경력채용(회장품 PM),신입·경력,서울 외,454
㈜에이스테크놀로지,(주)에이스테크놀로지 : 해외영업 담당 경력 채용,경력3년↑,인천,455
㈜웹젠,2023 웹젠 수시채용,신입·경력,경기,456
슈어소프트테크㈜,2023년 하반기 신입/경력 모집,신입·경력2년↑,경기 외,457
㈜레페리,(주)레페리 - 유튜브 데이터수집 (재택근무/프리랜서),경력무관,서울,458
㈜웹젠,[웹젠온네트/Shot Online] 게임기획(신입/경력),신입·경력,경기,459
㈜웹젠,[웹젠/신규 Project G] 컨텐츠기획(경력),경력3년↑,경기,460
㈜웹젠,[웹젠레드코어/R2M] 컨텐츠기획(경력),경력,경기,461
㈜쁘띠엘린,PEDM 신입/경력 공개 모집,신입·경력,서울,462
㈜모나리자,(주)모나리자 영업기획관리팀 경력사원 채용,경력4년↑,서울,463
디비손해보험 주식회사,[대전] DB손해보험 직영 교육비300 1차월 500 POM TM 상담원 신입 경력 모집 (모바일청약서비스도입),경력무관,대전 외,464
한영회계법인,금융컨설팅부문 TT팀 (시중은행 차세대 시스템구축 PMO) 경력직,경력2년↑,서울,465
한영회계법인,컨설팅부문 DP팀 (비즈니스 설계 전문가) 컨설턴트 경력직,경력3년↑,서울,466
㈜엔씨소프트,[엔씨소프트][단기계약직] 캐릭터 도구리 디지털 마케터 모집,신입·경력,경기,467
골든하인드,[에그드랍] 골든하인드 인재 영입,경력,서울,468
㈜지투알,[HS Ad] 각 모집분야별 상시 인재 채용(디지털미디어),경력,서울,469
㈜지투알,[HS Ad] 각 모집분야별 상시 인재 채용(퍼포먼스 마케팅운영),경력,서울,470
㈜지투알,[HS Ad] 각 모집분야별 상시 인재 채용(UX Writer),경력,서울,471
㈜지투알,[HS Ad] 각 모집분야별 상시 인재 채용(글로벌 광고기획),경력,서울,472
㈜지투알,[HS Ad] 각 모집분야별 상시 인재 채용(POSM),경력,서울,473
㈜지투알,[HS Ad] 각 모집분야별 상시 인재 채용(노무(ER)),경력,서울,474
㈜지투알,[HS Ad] 각 모집분야별 상시 인재 채용(광고제작(AD)),경력,서울,475
㈜지투알,[HS Ad] 각 모집분야별 상시 인재 채용(ISM(In Store Management)),경력,서울,476
㈜지투알,[HS Ad] 각 모집분야별 상시 인재 채용(컨텐츠디자인(UX팀-Lead)),경력,서울,477
㈜지투알,[HS Ad] 각 모집분야별 상시 인재 채용(컨텐츠디자인(CX-Lead)),경력,서울,478
㈜지투알,[HS Ad] 각 모집분야별 상시 인재 채용(컨텐츠디자인(CX)),경력,서울,479
㈜지투알,[HS Ad] 각 모집분야별 상시 인재 채용(웹기획/분석),경력,서울,480
㈜아데코코리아,[유럽계 항공 케이터링/운서] 식품 메뉴 개발자 직계약직 채용(정규전환 가능성 有),경력3년↑,인천,481
㈜지투알,[HS Ad] 각 모집분야별 상시 인재 채용(Project Manager(AE)),경력,서울,482
㈜아데코코리아,[청담/외국계 패션브랜드] 리테일 / Retail Support Intern 채용 (신입가능),경력무관,서울,483
㈜지투알,[HS Ad] 각 모집분야별 상시 인재 채용(디자이너),경력,서울,484
리디㈜,[글로벌 콘텐츠기업 RIDI] 시니어 컴퓨터 비전 엔지니어 채용 중,경력6년↑,서울 외,485
㈜지투알,[HS Ad] 각 모집분야별 상시 인재 채용(마케팅전략(AP)),경력,서울,486
㈜지투알,[HS Ad] 각 모집분야별 상시 인재 채용(HRD),경력,서울,487
㈜지투알,[HS Ad] 각 모집분야별 상시 인재 채용,경력,서울,488
㈜에스엠씨인터내셔널,[디저트39] 웹서비스기획/PHP개발/POS 시스템 개발 경력자 채용,경력3년↑,서울,489
㈜에스엠씨인터내셔널,[디저트39] 2023년도 각 부문 공개 채용,신입·경력1년↑,서울 외,490
㈜에이스프로젝트,[모바일게임] 스포츠장르 기획자 경력 채용,경력5년↑,서울,491
㈜에이스프로젝트,게임기획자 경력 채용,경력5년↑,서울,492
㈜신지모루,"[신입/경력] 아마존 MD / AMD, 해외 온라인 판매 관리자 모집",신입·경력2년↑,서울,493
㈜신지모루,[경력] 마케팅 담당자 모집,경력4년↑,서울,494
(주)스테리싸이클코리아,엔비텍코리아 용인지점 영업사원 모집,경력5년↑,경기,495
㈜에이스프로젝트,[모바일게임] 게임기획자 인턴,신입,서울,496
㈜에이스프로젝트,[야구/스포츠 장르] 게임기획 신입 채용,신입,서울,497
F&F,[경력] 디지털전략팀 DT 파트 경력직 채용,경력,서울,498
㈜케이엑스이노베이션,[KX이노베이션] 사업전략실 신입/경력직 사원 모집,경력무관,서울,499
㈜뉴본홀딩스,트렌드를 선도할 카피라이터를 모십니다:D(경력 3년),경력3년↑,서울 외,500
이수에이엠씨,건축 공공입찰 담당자 채용,경력1년↑,서울 외,501
인크로스㈜,[ SK그룹-인크로스 ] T deal 커머스 운영기획 경력직 채용,경력3년↑,서울,502
해피랜드 코퍼레이션㈜,유아동복 백화점 유통 영업 신입사원 채용,신입,서울,503
해피랜드 코퍼레이션㈜,유아동복 상품기획MD 경력사원 채용,경력2년↑,서울,504
메가스터디교육㈜,[메가스터디교육] 메가공무원 교육(수험) 콘텐츠 기획 및 운영 담당자 채용,경력2년↑,서울 외,505
메가스터디교육㈜,[메가스터디교육] 엘리하이&엠베스트 서비스 PM&PL / APP&WEB 기획 채용,경력4년↑,서울,506
㈜씨앤씨,"데이타,하드,복구,유지보수..",경력무관,충북 외,507
㈜시큐레이어,[ICT사업추진팀] SI 사업 제안/수행 PM/PL 인재를 모십니다.,경력5년↑,서울,508
㈜넥슨,[국내메이플] 게임사업 PM,경력,경기,509
㈜파고다아카데미,[파고다교육그룹] 2023년 3분기 신입/경력 수시채용,신입·경력,서울,510
㈜아데코코리아,[삼성역/외국계 비디오 플랫폼] Sales/Business Operation 업무 담당자 채용,신입·경력1년↑,서울,511
㈜마크로젠,[마크로젠] BI연구소 신입/경력 직원 채용,신입·경력2년↑,서울,512
㈜삼홍사,(주)삼홍사 국내 영업관리 채용,경력1년↑,서울 외,513
㈜컬리,[컬리] 물류인력기획 담당자(RP) 모집 [신입 채용],신입,경기 외,514
골든하인드,[EGGDROP] 직영점 총괄 운영 매니저 후보자 채용,경력5년↑,서울,515
골든하인드,[EGGDROP] 직영 매장 점장/부점장 후보자 채용,경력3년↑,서울,516
㈜천재교과서,[천재교과서 해법에듀BU] 닥터매쓰 영업담당자 모집,경력3년↑,서울,517
㈜천재교과서,[천재교과서 해법에듀BU] 닥터매쓰 교육담당자 모집,경력무관,서울,518
에스에프에이,2023년 4차 공개채용(R&D 부문) - 머신비전(S/W),경력,경기,519
에스에프에이,2023년 4차 공개채용(R&D 부문) - 머신러닝,신입·경력,경기,520
에스에프에이,2023년 4차 공개채용(R&D 부문) - DATA분석 전문가,경력,경기,521
에스에프에이,2023년 4차 공개채용(R&D 부문) - 스마트팩토리 솔루션 개발(빅데이터 엔지니어),경력,경기,522
㈜아프리카TV,[아프리카TV] 사업기획 및 지원,경력5년↑,경기,523
데상트코리아,[경력] 골프 온라인MD 담당 경력사원 모집,경력,서울,524
데상트코리아,[경력] 라이프스타일 신발기획MD 담당 경력사원 모집,경력,서울,525
데상트코리아,[경력] 엄브로 신발기획MD 담당 경력사원 모집(서울 근무),경력,서울,526
데상트코리아,[경력] 엄브로 신발기획MD 담당 경력사원 모집(부산 근무),경력,부산,527
데상트코리아,[경력] 엄브로 신발기획MD 담당 경력사원 모집,경력,부산 외,528
데상트코리아,[경력] 퍼포먼스 신발기획MD 팀장 모집,경력,부산,529
데상트코리아,[경력] 퍼포먼스 신발기획MD 경력사원 모집(골프 신발기획MD),경력,부산,530
데상트코리아,[경력] 퍼포먼스 신발기획MD 경력사원 모집(브랜드:데상트),경력,부산,531
데상트코리아,[경력] 퍼포먼스 신발기획MD 경력사원 모집,경력,부산,532
창신아이엔씨,2023년 8월 경력직 수시채용(보안팀),경력,부산,533
한국타이어앤테크놀로지,[R&D] Data Analytics(클라우드 기반 AI 시스템 구축),신입·경력,대전,534
한국타이어앤테크놀로지,[R&D] Data Analytics(인공지능 기술 선행연구 및 활용),신입·경력,대전,535
한국타이어앤테크놀로지,[R&D] Data Analytics,신입·경력,대전,536
㈜에이엠피엠글로벌,"연 3000만,성과급 별도, 8월 마케터 신입 공개채용",신입·경력,서울 외,537
한국타이어앤테크놀로지,[SCM] SCM Digital Innovation,경력,경기,538
㈜다날,다날 정산시스템 개발 부문 경력 채용,경력,경기,539
㈜엔미디어플랫폼,[NMP] 서비스 기획자 인재 모집,경력7년↑,경기,540
에스에프에이,2023년 4차 공개채용(R&D 부문),신입·경력,경기,541
㈜유니온커뮤니티,[신규 제품/솔루션 기획 및 상품운영 관리 담당자 모집],경력3년↑,서울,542
㈜아이투맥스,[Salesforce/업계1위] 프로젝트 매니저 (PM) 모집,경력5년↑,서울,543
㈜아이투맥스,[Salesforce/업계1위] CRM & 마케팅 프로젝트 PM 채용,경력8년↑,서울,544
㈜아이투맥스,[Salesforce/업계1위] Salesforce 경력직 상시채용,경력1년↑,서울,545
㈜아이톡시,[ITOXI] 웹/플랫폼 서비스 기획자 모집(경력),경력2년↑,서울,546
사회복지법인 밀알복지재단,사회복지법인 밀알복지재단 해외사업부 해외파견(필리핀) 사무장 채용 공고,경력무관,서울,547
㈜더에스엠씨그룹,[기획직군] 디지털마케팅(AE) 채용,신입·경력,서울,548
㈜DYB최선어학원,[직영] 22년 신학기 각 부문 STAFF 모집,신입·경력,서울 외,549
㈜아데코코리아,[광화문/Microsoft Korea] Team Admin / 사무보조 채용,경력무관,서울,550
더이앤엠,2023년 각 부문 신입/경력 채용,신입·경력,서울,551
유진로지스틱스,기획 팀장 채용,경력10년↑,서울,552
㈜삼우F&G,김포 풀필먼트그룹 [지게차/영업] 각 분야별 채용 공고,경력무관,경기 외,553
㈜위메이드플레이,[위메이드플레이]Data Visualization Specialist(BI/서버)모집,경력2년↑,경기,554
㈜파켓,"[믹순] 세일즈팀장, 디자이너, 마케터, 해외영업 매니저, 해외 MD 채용",신입·경력,서울,555
통로이미지㈜,[정규/신입/경력] 클립아트코리아 대외협력팀 팀원 모집,신입·경력,서울,556
더이앤엠,기술개발부 및 모바일 외 각 부문 인재 모집,경력무관,서울,557
이너버스,IT보안 - SIEM 솔루션 기술 엔지니어 (신입/경력),신입,서울,558
㈜넥슨,[인텔리전스랩스] UX Researcher/UX 분석가 (경험 전략 기획),경력무관,경기,559
㈜천재교과서,[천재교과서] 밀크T초등 영업지원 실장 채용,경력10년↑,서울,560
㈜크레이버코퍼레이션,[SR바이오텍-자회사] OEM/ODM 영업 지원 담당자 모집,신입·경력1년↑,경기,561
㈜노랑풍선,(주)노랑풍선 온라인사업본부 각 부문 채용(영업/마케팅),경력,서울,562
㈜케이티,2023년도 KT R&D분야  경력/박사 채용 공고 (8차),경력,서울,563
㈜헬릭스미스,(주)헬릭스미스 영업지원 담당 채용,경력1년↑,서울,564
아인스미디어,퍼포먼스 콘텐츠 기획(신입),신입,서울,565
아인스미디어,퍼포먼스 콘텐츠 기획(경력),경력5년↑,서울,566
㈜기영에프앤비,[4.5일제] 기영에프앤비 신규사업팀 주임-과장급 채용 모집,경력1년↑,서울,567
교육지대㈜,[교육지대] 분석기획파트 전략기획 경력직 채용,경력1년↑,서울,568
㈜비상교육,[주 3일 원격근무] 비상교육 8월 전체직무 수시채용,신입·경력,서울,569
㈜하나애드아이엠씨,[하나애드] 온라인 마케팅 검색광고 마케터 AE 신입/경력 채용,신입·경력1년↑,서울,570
㈜팜스빌,(주) 팜스빌 브랜드마케팅[BM] 전문가를 모십니다,경력,서울,571
㈜오투스페이스,감탄떡볶이 영업지원팀 신입/경력 채용,신입·경력3년↑,서울,572
블룸비스타호텔앤컨퍼런스 주식회사,마케팅전략팀 홍보(사원-대리급) / 객실팀 프론트 신입&경력 [현대그룹계열사],신입·경력,경기 외,573
㈜룩옵틱스,온라인MD 정규직 채용,경력2년↑,서울,574
㈜룩옵틱스,도매사업부 영업지원 채용,경력무관,서울,575
㈜단비교육,"에듀테크 1등 기업 단비교육 (DBA, QA, 서비스기획)",경력무관,서울,576
㈜KG에듀원,[KG에듀원] 경영관리/기획 채용,경력2년↑,서울,577
㈜오리엔트바이오,오리엔트바이오 해외영업팀 정규직 채용(해외 수주),신입·경력,경기,578
㈜헥토이노베이션,헥토이노베이션 직군별 인재 모집(서비스기획/사업기획/개발/UX/UI 등),신입·경력,서울,579
비플라이소프트㈜,전략기획본부 서비스기획실 서비스기획팀 팀장,경력8년↑,서울,580
㈜코난테크놀로지,2023년 하반기 각 부문 신입/경력 상시 채용,신입·경력,서울,581
㈜컴투스,[컴투스 그룹] 각 부문별 경력/신입 인재채용,신입·경력,서울,582
㈜크레이버코퍼레이션,[SR바이오텍-자회사] OEM/ODM 국내 영업 담당자 모집,경력2년↑,경기,583
㈜아데코코리아,[국내 의료기기사/마곡] 영업지원 사원급 정규직 채용,경력2년↑,서울,584
엘지유플러스,[CDO] AI Scientist 추천/예측/타겟팅 경력사원 상시 모집,경력,서울,585
아이닉,[㈜아이닉] 컨텐츠 마케터 / 브랜드 디자이너 직원 모집,경력1년↑,경기,586
㈜씨이오인터내셔널,[수입명품종합화장품] 각 부문별 신입/경력 채용,신입·경력,서울 외,587
㈜충남섬유,[충남섬유] 영업관리팀 모집,경력무관,서울,588
메가존클라우드㈜,Sales Admin 인턴 채용,경력무관,서울,589
삼양식품㈜,"삼양식품그룹 계열사 삼양로지스틱스(주) 신사업지원팀 신사업지원담당(물류, 물류창고) 경력직  채용",경력3년↑,서울,590
㈜아데코코리아,[역삼/글로벌게임사] User (market/marketing) Researcher (리서치회사 인턴 경력 우대),신입·경력,서울,591
㈜플래티어,코스닥 상장사 ㈜플래티어 이커머스 플랫폼 개발 경력직 채용,경력2년↑,서울,592
로카모빌리티㈜,[모바일사업팀] 서비스 기획 담당 경력직 채용,경력4년↑,서울,593
㈜판도라티비,KMPlayer 국내&해외 마케팅/Sales,경력3년↑,경기,594
㈜플래티어,㈜플래티어 그루비사업부 사업기획/전략기획 경력직 채용,경력3년↑,서울,595
KB오토시스㈜,영업팀 원가/영업관리 담당자 채용,경력5년↑,충남,596
㈜팜스빌,(주) 팜스빌 CMO를 모십니다.,경력5년↑,서울,597
카카오페이,[카카오페이] 데이터 애널리스트 - 비즈니스,경력3년↑,경기,598
인지컨트롤스㈜,인지컨트롤스(주) 관리&제조 부문 채용,경력2년↑,경기,599
㈜하이컨시,[하이컨시] 신사업기획팀 서비스기획 담당 채용,경력3년↑,서울,600
㈜위메이드,Product Manager(DeFi),경력무관,경기,601
원스토어,원스토어 앱마켓 플랫폼 결제/정산 기획자 채용,경력5년↑,경기,602
원스토어,원스토어 앱마켓 플랫폼 서비스 기획자 채용,경력3년↑,경기,603
㈜드림어스컴퍼니,[뮤직플랫폼FLO] 빅데이터 플랫폼 구축 및 BI/DW 운영,경력5년↑,서울,604
닐슨아이큐코리아(유),"Manager, Data Science",경력5년↑,서울,605
㈜중고나라,[New 중고나라] 플랫폼 사업 기획 및 운영 담당 (3-5년),경력3년↑,서울,606
㈜앤하우스,[메가MGC커피] 영업관리팀 경력직(계약관리 및 가맹점 제도 기획) 채용,경력5년↑,서울 외,607
㈜하이비젼시스템,하이비젼시스템 전략기획 경력직 채용,경력7년↑,경기,608
㈜한샘디지텍,[신입/경력] 규격검토/CAM 및 영업 정규직 채용 공고,신입·경력,인천,609
레고랜드코리아,[레고랜드 코리아] Hotel Sales Manager 채용,경력5년↑,강원 외,610
㈜포인트모바일,해외영업관리 신입 / 경력 채용,신입·경력1년↑,서울,611
㈜중고나라,[New 중고나라] 웹개발(react) 팀장 채용 (5년 이상),경력5년↑,서울,612
㈜디알젬,(주)디알젬 해외영업&영업관리 신입/경력사원 모집,신입·경력1년↑,경기 외,613
로카모빌리티㈜,[택시사업팀] 영업 지원 담당 채용전환형 인턴 채용,신입,서울,614
㈜피에프디,㈜피에프디 경영기획실 경력직 채용,경력2년↑,서울,615
한국정보공학㈜,IT총판 영업지원 신입/경력 채용,신입·경력,경기,616
㈜아데코코리아,[유럽계 항공 케이터링/운서] IT Support 대리급 정규직 채용(Python가능자),경력2년↑,인천,617
㈜시큐레이어,"[시큐레이어] 기술연구소 - 사이버보안 솔루션 연구 및 개발(Front-End, Back-End) 채용공고",경력무관,서울 외,618
메가존클라우드㈜,DX - SaaS Sales 채용,경력,서울,619
㈜조인스엠,(주)조인스엠 웹기획/컨텐츠기획 신입 직원 채용,신입·경력1년↑,서울,620
삼성제약㈜,마케팅(PM) 직원 채용,경력3년↑,경기,621
㈜페이히어,[페이히어] 주니어 사업개발 매니저,신입·경력1년↑,서울,622
㈜루멘스,[기획]사업기획/관리 경력사원 모집,경력5년↑,경기,623
㈜케이엔(꼬끼오),꼬끼오 상품MD 신입사원 채용 (원예및생활용품),신입·경력1년↑,경기,624
㈜휴비츠,㈜휴비츠 해외영업지원/선적 경력사원 채용,경력,경기,625
트리플하이엠,[연구소] 서비스 기획자 (신입/경력),신입·경력1년↑,서울,626
㈜케이지모빌리언스,[KG모빌리언스]  경영기획본부 경영기획팀 채용 (팀장),경력5년↑,서울,627
레몬헬스케어,회계팀&영업지원팀 직원 채용,신입·경력1년↑,서울,628
리디㈜,[글로벌 콘텐츠기업 RIDI] 데이터 엔지니어 채용 중,경력2년↑,서울 외,629
유베이스,[UBASE] 영업팀 팀원 채용,경력무관,경기 외,630
㈜크레이버코퍼레이션,[SR바이오텍-자회사] 공장관리 최고 운영 책임자 모집 (화장품 경력 우대),경력,경기,631
㈜넥슨,[국내메이플] DBA,경력,경기,632
원앤원㈜,[원할머니 본사] 외식프랜차이즈 광고홍보 팀장 채용,경력10년↑,서울,633
원앤원㈜,[원할머니 본사] 외식프랜차이즈 신규 사업 기획 팀장 모집,경력10년↑,서울,634
유비벨록스㈜,유비벨록스 사업기획 및 영업담당자 모집,신입·경력1년↑,서울,635
유비벨록스㈜,유비벨록스 핀테크 사업 담당자 모집,경력3년↑,서울,636
㈜포켓몬코리아,경영 기획 부문: 신입/경력 모집,신입·경력2년↑,경기,637
㈜중고나라,[중고나라] Flutter 앱개발자 채용 (1-3년),경력1년↑,서울,638
그린랩스,[그린랩스] 사업전략 Research Assistant (인턴),경력무관,서울,639
㈜넥슨,[피파퍼블리싱그룹] FIFA모바일 게임 사업 PM,경력4년↑,경기,640
㈜넥슨,[피파퍼블리싱그룹] FIFA모바일 게임 사업 PM (이벤트 담당),경력1년↑,경기,641
마이스터모터스㈜,(폭스바겐 수입자동차)한남전시장/강북전시장 영업사원 채용,경력,서울 외,642
존슨콘트롤즈인터내셔널코리아㈜,[부산] 영업지원 담당자 모집,경력2년↑,부산,643
한영회계법인,컨설팅부문 Digital 컨설팅 인턴,신입,서울,644
㈜맘스터치앤컴퍼니,마케팅팀(상품기획) 경력직 채용,경력7년↑,서울,645
뮤직카우,[MUSICOW] Data Analyst,경력3년↑,서울,646
대한상공회의소 충남인력개발원,[취업연계국비지원] K-디지털분야 취업역량 강화 교육생 모집,신입·경력,충남 외,647
위메이드,DA(데이터 애널리스트),경력5년↑,경기,648
㈜와이어블,2023년 부문별 신입/경력 사원 채용,경력무관,서울 외,649
㈜아데코코리아,[청담동/외국계리테일] 영업지원 담당자 채용,신입·경력1년↑,서울,650
㈜지엔코,"㈜지엔코 중국법인 상품/영업MD, 영업 및 영업관리 과-차장급 채용(중국 닝보 근무)",경력5년↑,중국·홍콩,651
위메이드,"서비스 기획(DEX, DeFi)",경력2년↑,경기,652
베이글코드,메타 기획자,경력,서울,653
베이글코드,데이터 엔지니어,경력,서울,654
베이글코드,"Level&밸런스 기획자 (2년 이상, Rouge Lite비행 슈팅게임)",경력,서울,655
베이글코드,데이터 사이언티스트,경력,서울,656
윤성에프앤씨,전 분야 사무직 및 생산직 신입/경력 모집(병역특례 포함),신입·경력,경기 외,657
메가존클라우드㈜,Datadog 사업 부문(Tech/Sales 등) 채용,신입·경력,서울,658
메가존클라우드㈜,NewRelic 사업 부문(Tech/Sales등) 채용,신입·경력,서울,659
㈜이든앤앨리스마케팅,이든앤앨리스마케팅 마케팅AE 경력직 채용,경력1년↑,서울,660
㈜부릉,[주식회사 부릉] 김천MFC 실증 담당자,경력무관,경북,661
위메이드,야구게임 사업전략 및 BM 담당자,경력3년↑,경기,662
카카오페이,데이터 애널리스트 - 비즈니스,경력,경기,663
카카오페이,프로덕트 매니저 - 송금 서비스,경력,경기,664
카카오페이,프로덕트 매니저 - 광고 플랫폼 기획,경력,경기,665
카카오페이,프로덕트 매니저 - 혜택 기획 및 운영,경력,경기,666
카카오페이,프로덕트 매니저 - 서비스 정책 및 프로세스 기획,경력,경기,667
카카오페이,프로덕트 매니저 - 금융 서비스,경력,경기,668
카카오페이,어시스턴트 - 대출 서비스 마케팅 운영 지원,신입·경력,경기,669
㈜네오바이오텍,[네오바이오텍] 상품PM팀 바로가이드PM 경력직 채용,경력5년↑,경기,670
현대엔지니어링㈜,현대엔지니어링 재경본부 플랜트리스크관리 (클레임 수행) 본사 경력직(정규직) 인재영입,경력5년↑,서울,671
(재)여성기업종합지원센터,[(주)인틴랩스] 빅데이터 연구원,경력2년↑,서울,672
신한라이프생명보험㈜,신한라이프생명보험㈜ 영업 교육 담당자 채용,경력무관,서울,673
㈜NE능률,[NE능률] 온라인 마케팅 기획(운영) 및 온라인 쇼핑몰 MD 채용,경력1년↑,서울,674
㈜피에프디,(주)피에프디 Amazon (유럽) 담당자 채용,경력,서울,675
신라에이치엠㈜,[신라스테이] 본사(HQ) Sales 신입·경력사원 채용,신입·경력2년↑,서울,676
㈜네오바이오텍,[네오바이오텍] 마케팅본부 제품PM팀 신입/경력 채용,신입·경력1년↑,강원,677
㈜루멘스,[영업] BLU 해외영업 경력사원 모집,경력3년↑,경기,678
이지케어텍㈜,[이지케어텍] 병원정보시스템 원무/진료지원 개발자 영입,경력1년↑,서울 외,679
포인트임플란트㈜,"포인트임플란트 덴탈사업부 (영업 ,영업관리,마케팅) 인재채용",신입·경력1년↑,경기 외,680
구찌코리아(유),2023 구찌코리아 인천공항 면세점 신입/경력직 채용,신입·경력,인천,681
메가존클라우드㈜,Platform Service (백엔드 개발/DevOps Engineer 등) 채용,신입·경력,서울,682
㈜컬리,[컬리] 물류인력기획 담당자 모집 (RP),신입·경력,경기 외,683
㈜천재교육,"(T셀파전략팀)서비스 기획 및  운영자, 마케터, 영업담당자",경력,서울,684
㈜드림어스컴퍼니,IRIVER 블랙박스 온/오프라인 영업,경력5년↑,서울,685
메가존클라우드㈜,Data Business (Data엔지니어/컨설턴트) 채용,신입·경력3년↑,서울,686
메가존클라우드㈜,Hybrid&AI Platform Cloud (Pre-Sales/Developer/Engineer) 채용,신입·경력,서울,687
㈜기영에프앤비,[4.5일제]기영에프앤비 회계/해외사업/신규사업/경영기획/데이터마이닝/MD/영업/오픈/운영 외 신규 채용 모집,신입·경력,서울,688
한영회계법인,컨설팅부문 EMP팀 Full Stack SAP개발자 경력직,경력6년↑,서울,689
㈜엔씨소프트,[엔씨소프트][리니지2M] 밸런스 기획자 모집,경력2년↑,경기,690
㈜넥슨,[일본메이플] 사업PM,경력3년↑,경기,691
㈜교원투어,"[교원투어-여행이지] 웹서비스기획(파트장, 매니저) 경력 수시채용",경력9년↑,서울,692
피엔에이치테크,용인(본사) 영업부 정기채용,경력무관,경기,693
콘티넨탈 코리아,콘티넨탈 코리아 23년 3분기 수시채용(신입/경력),신입·경력,세종 외,694
삼정펄프 ㈜,영업관리/영업지원 경력직 채용,경력3년↑,서울,695
㈜인터파크트리플,[인터파크 해외숙소팀] 해외호텔 판매기획 팀장,경력5년↑,서울,696
잉글리쉬앤㈜,[신입] 웹마케팅/기획/관리/운영,신입,서울,697
넷마블네오㈜,[넷마블네오]데이터플랫폼팀 데이터직군 채용,경력6년↑,서울,698
㈜피에프디,"㈜피에프디 B2B, B2C 해외영업 경력직 채용",경력,서울,699
펜타시스템테크놀러지㈜,[전부문] Blue Analytics 채용 공고,경력2년↑,서울,700
㈜휴비츠,㈜휴비츠 해외영업 경력사원 채용,경력5년↑,경기,701
컴투스,[컴투스홀딩스] 모바일 앱마켓 개발자 콘솔 담당 (신입/경력),신입·경력,서울,702
현대오토에버㈜,[현대오토에버] 차량SW/ICT 부문 경력 상시채용,경력,서울 외,703
㈜넥슨,[인텔리전스랩스] 유저프로파일팀 백엔드 개발자 (Java),경력3년↑,경기,704
㈜이엔에스코리아,[이엔에스코리아] 브랜드사업부 각 부문별 인재를 모집합니다.,경력,서울,705
㈜써머스플랫폼,[에누리가격비교] 써머스플랫폼 서비스기획(Front기획) 경력직 모집,경력5년↑,서울,706
코오롱엘에스아이㈜,[코오롱LSI] 마케팅 기획(전략 수립 및 브랜딩 등) 채용,신입·경력,경기 외,707
㈜이즈미디어,[평촌] (주)이즈미디어 사업기획 채용(경력 5년이상),경력5년↑,경기 외,708
㈜지엔코,[Thursday Island] EB(직영몰/제휴몰) 온라인 마케팅팀 팀장급 채용,경력8년↑,서울,709
팅크웨어㈜,[격주 4.5일] 아이나비 해외시장 품질관리 (경력),경력2년↑,경기,710
티피링크,티피링크 온라인 세일즈 운영 이커머스 쿠팡 담당 네트워킹 CCTV IoT 영업 (경력 2년 이상),경력2년↑,서울,711
㈜비바리퍼블리카,[토스뱅크] Risk Manager (운영리스크),경력무관,서울,712
㈜비바리퍼블리카,[토스뱅크] Credit Strategy Manager,경력무관,서울,713
㈜비바리퍼블리카,[토스뱅크] CSS Modeler (신용평가모형),경력무관,서울,714
케이씨씨오토모빌㈜,수입자동차 재규어랜드로버 공식딜러 KCC오토모빌 영업사원 채용,신입·경력2년↑,경기 외,715
㈜에스티오(STO),(주)에스티오 경력사원 채용 (온라인 영업MD),경력2년↑,서울,716
삼양식품㈜,신사업기획PM/BM,경력3년↑,서울,717
삼양식품㈜,ASIA/EMEA Commercial 팀장,경력8년↑,서울,718
㈜비바리퍼블리카,[토스] IT Supporter 채용,경력무관,서울,719
동광기연㈜,동광그룹 국내영업부 원가 담당 직원 채용,경력3년↑,인천,720
㈜아데코코리아,한국마이크로소프트 본사 사무직 채용,경력무관,서울,721
에임시스템㈜,에임시스템(주) 마케팅 인재 채용,경력3년↑,경기,722
㈜와이즈유엑스글로벌,[아임닭&아임웰] 브랜드 마케터 경력직 모집,경력2년↑,서울,723
㈜드림씨아이에스,[외국계 임상]드림씨아이에스 통계(STAT)팀 팀장 및 팀원 채용,신입·경력1년↑,서울 외,724
㈜이컴라인,"7.[종로5가] DBA, 국민연금, 차세대, 공공기관, 코사, KOSA, 분석, 설계",경력10년↑,서울,725
굿리치㈜,[본사] DBA 개발자 채용,경력3년↑,서울,726
㈜윈텍오토메이션,[(주)윈텍오토메이션] 장비운영S/W 개발,경력무관,경기 외,727
㈜KT DS,2023년 각 부문별 경력사원 수시채용,경력2년↑,서울,728
㈜하나금융티아이,[하나금융TI] 금융IT 경력사원 모집,경력,인천 외,729
티맥스그룹,[TmaxTibero] Database Engine 개발 연구원,신입·경력,경기,730
엘지전자㈜,[CDO부문] 데이터 사이언티스트 분야 경력사원 모집,경력,서울,731
엘지전자㈜,[CDO부문] 데이터 파이프라인개발 분야 경력사원 모집,경력,서울,732
엘지전자㈜,[CDO부문] 데이터엔지니어 분야 경력사원 모집,경력,서울,733
엘지전자㈜,[CDO부문] Front-end개발 분야 경력사원 모집,경력,서울,734
엘지전자㈜,"[CDO부문] Front-end개발, 데이터(엔지니어/파이프라인개발/사이언티스트) 분야 경력사원 모집",경력,서울,735
㈜신지모루,[경력] 전산개발 담당자 모집,경력3년↑,서울,736
한국타이어앤테크놀로지,[R&D] IT Infra 구축,경력,대전,737
티맥스그룹,[TmaxTibero] 기술직군(기술지원 엔지니어/QA) 채용,신입·경력,경기,738
삼아제약㈜,삼아제약㈜ 경력 및 신입 사원 채용 (전산),경력무관,서울,739
㈜위메이드플레이,"위메이드플레이 자회사 [플레이토즈] 전직군 모집(웹개발, 서비스기획, 클라이언트)",경력1년↑,경기,740
㈜더블다운인터액티브,데이터 엔지니어(ETL) 채용 (경력),경력3년↑,서울,741
티맥스그룹,[TmaxTibero] Tibero on Cloud 연구원,신입·경력,경기,742
㈜이엠넷,[서울본사] 디지털마케팅 AE 경력직 및 AE 관리자 채용,경력,서울,743
에스케이쉴더스㈜,관제 CERT 경력직 채용,경력3년↑,경기,744
씨에이치솔루션㈜,[11번가 본사/유연근무제]  마케팅팀 통계 및 사무지원,경력무관,서울,745
씨에이치솔루션㈜,[SK텔레콤/보라매] 5G/LTE 품질측정 및 분석 (운전가능자),경력무관,서울,746
㈜그리드위즈,서비스 기획 팀 리더 경력직 채용,경력10년↑,경기,747
㈜이노와이어리스,[LIG그룹 계열사] 이노와이어리스 빅데이터 플랫폼 시스템 엔지니어 (SE) 신입 경력 모집,경력무관,경기,748
롯데정보통신㈜,[롯데정보통신] 화학IS팀 Web(PLM시스템) 정규직 경력채용,경력3년↑,경기,749
롯데정보통신㈜,[롯데정보통신] 화학IS팀 SAP PP 정규직 경력채용,경력3년↑,경기,750
㈜앱포스터,[TIMEFLIK] 이커머스 채널MD 경력직 채용,경력1년↑,서울,751
㈜러쉬코리아,[러쉬코리아] UX디자인본부 Mobile UI/UX 디자이너 채용,경력5년↑,서울,752
오픈갤러리,[아트 스타트업] 마케팅팀 경력 마케터 채용 (경력 2년 이상),경력2년↑,서울,753
㈜인스웨이브시스템즈,"[정규직]솔루션 연구개발팀 연구원 모집(백엔드, 프론트엔드)",경력2년↑,서울,754
㈜에코마케팅,[에코마케팅] 영상 크리에이터(영상편집·현장디렉팅) 채용연계형 인턴/사원 채용,신입·경력,서울,755
NICE정보통신㈜,NICE정보통신 (나이스정보통신) 상시 인재 Pool,경력무관,서울,756
㈜YG엔터테인먼트,디지털사업 / 음원사업관리 담당자(경력),경력2년↑,서울,757
에스씨아이평가정보,SCI평가정보(주) IT부문 개발자 채용,신입,서울,758
㈜엔씨소프트,[엔씨소프트][BSS] 글로벌 사업/마케팅 PM 모집,경력3년↑,경기,759
㈜엔씨소프트,[엔씨소프트] Enterprise Portal PM 모집,경력8년↑,경기,760
현대오토에버㈜,3D컨피규레이터 구축 부문 경력채용,경력3년↑,서울,761
㈜신흥,"계열사/관계사 신입, 경력사원 하반기 상시 채용(상품영업(임플란트/상품마케팅))",신입,서울,762
㈜신흥,"계열사/관계사 신입, 경력사원 하반기 상시 채용",신입·경력,전국,763
씨에이치솔루션㈜,[SK브로드밴드/대기업] 영업지원 및 행정,경력무관,서울,764
㈜해커스어학원,[신입/경력] 해커스편입 학사운영·담임(수원) 채용,신입·경력,경기,765
롯데손해보험㈜,[롯데손해보험] 경영기획/디지털보험/리스크관리/장기보험/영업기획 신입사원 수시채용,신입,서울,766
현대로템㈜,교육문화팀 교육/조직문화 담당자 모집(HRD),경력3년↑,경기 외,767
동양이엔피㈜,동양이엔피(주) 연구개발(R&D)경력&신입사원 채용 (검사시스템 SW),신입·경력3년↑,경기,768
㈜한독모터스,BMW 한독모터스 2023년 기획조정실 사업전략·경영기획 / 교육 담당자 채용,신입·경력2년↑,서울,769
㈜컬리,[컬리] 창원 물류센터 채용 담당자 채용,경력무관,경남,770
㈜엠디에스인텔리전스,[MDS인텔리전스] 소프트웨어 테스트 엔지니어 채용,신입·경력,경기,771
엘지전자㈜,[BS사업본부] `23년 8월 경력채용 - DOOH 시장 광고컨텐츠 솔루션 기획,경력,서울,772
㈜에이엠피엠글로벌,"연 3000만,성과급 별도, 9월 마케터 신입 공개채용",신입·경력,서울 외,773
엘지유플러스,[CTO] QA Engineer 경력사원 채용,경력,서울,774
㈜위메이드플레이,[위메이드플레이] AI engineer 모집,경력무관,경기,775
국가수리과학연구소,2023-06 정규직 기술원 보훈특별고용,신입·경력,대전 외,776
엘지유플러스,[품질혁신센터] 인터넷 디바이스 품질검증 경력사원 채용,경력,서울,777
㈜쏘카,CX 백오피스 매니저,경력3년↑,서울,778
씨제이올리브영(주),온사이트마케팅팀 마케팅전략,경력,서울,779
현대글로비스㈜,물류센터운영(이커머스 풀필먼트)(용인) 계약직 채용,경력,경기,780
㈜해커스어학원,[신입/경력] 유튜브 바이럴 영상기획 / 채널 운영 채용,신입·경력,서울,781
㈜탑코,[Toptoon] 일본사업 기획운영 담당자,경력무관,서울,782
㈜두꺼비세상,피터팬의 좋은방 구하기 [마케팅 전략파트 (그로스해커)] 크루를 찾습니다,경력3년↑,서울,783
㈜이글루코퍼레이션,[보안컨설팅사업부] 정보보호컨설팅 경력 채용 (관리체계/취약점 점검/모의해킹),경력1년↑,서울,784
㈜탑코,[Toptoon] 탑툰 일본사업팀 유통 및 정산 담당자,경력무관,서울,785
현대글로비스㈜,오토벨 CRM 마케팅 기획/운영 경력직 채용,경력,서울,786
(주)섹타나인,[SPC그룹] Secta9ine 2023년 하반기 개발 직군 대규모 채용,신입·경력,서울,787
현대글로비스㈜,경영지원 IT 시스템 기획/운영 경력직 채용,경력,서울,788
현대글로비스㈜,UXUI 기획자 계약직 채용,경력,서울,789
㈜소만사,"쉬운 길 두고 어려운 길 걸어오신 C++개발자, 소만사가 모십니다.",경력무관,서울,790
네이버웹툰,Marketing & Ad Data Engineer,경력,경기,791
㈜비바리퍼블리카,[토스] IR Manager (공시/주총),경력,서울,792
현대오토에버㈜,오픈소스SW/툴체인 운영 부문 경력채용,경력2년↑,서울,793
아프리카티비,[아프리카TV] PC / Mobile Web QA 및 서비스 개선,경력1년↑,경기,794
금호전기㈜,"법무/ 예산/ 공시담당 경력직 (대리,과장급)",경력4년↑,서울,795
원익피앤이,2023년 하반기 경력직 채용(S/W개발(IMS)),경력,경기,796
재단법인아이오엠이민정책연구원,[이민정책연구원] 부연구위원(정규직) 공개채용,경력무관,서울,797
㈜제이슨그룹,[공구마켓/제이슨그룹] 바이럴마케팅 담당자 채용,경력2년↑,서울,798
㈜제이슨그룹,[공구마켓/제이슨그룹] 그로스 마케터 경력직 채용,경력3년↑,서울,799
넷마블,[넷마블] Senior Recruiter 모집,경력6년↑,서울,800
원익피앤이,2023년 하반기 경력직 채용(신뢰성평가),경력,경기,801
원익피앤이,2023년 하반기 경력직 채용(신뢰성평가/제품 개선 검토),경력,경기,802
원익피앤이,2023년 하반기 경력직 채용(기구설계),경력,경기,803
원익피앤이,2023년 하반기 경력직 채용(공정기술),경력,경기,804
원익피앤이,2023년 하반기 경력직 채용(CS),경력,경기 외,805
㈜이글루코퍼레이션,[보안관제센터] 보안관제/악성코드분석 경력 채용 (광주/나주),경력1년↑,전남 외,806
원익피앤이,2023년 하반기 경력직 채용(제조표준화),경력,충북,807
원익피앤이,2023년 하반기 경력직 채용(해외영업(조립설비)),경력,충북,808
원익피앤이,2023년 하반기 경력직 채용(해외영업(충방전설비)),경력,경기,809
㈜엑스큐어넷,IT 보안솔루션 개발자 채용,경력1년↑,서울,810
원익피앤이,2023년 하반기 경력직 채용(전략기획),경력,경기,811
원익피앤이,2023년 하반기 경력직 채용(IR),경력,경기,812
원익피앤이,2023년 하반기 경력직 채용(경영기획),경력,경기,813
원익피앤이,2023년 하반기 경력직 채용(원가),경력,경기,814
㈜아데코코리아,[서울 서초] 트럭자율주행 개발사 하드웨어엔지니어,경력5년↑,서울,815
원익피앤이,2023년 하반기 경력직 채용,경력,경기 외,816
㈜엔에이치엔벅스,[NHN Bugs] 서비스기획 경력 채용,경력1년↑,서울,817
㈜포이시스,"[본사/대구/부산] Java / Python 활용 / Android/ios/ 금융솔루션 개발자 및 디자이너 채용 공고(경력, 신입)",신입·경력,서울 외,818
㈜트랜스코스모스코리아,[주 5일/여의도] 당사 CX개발부 담당자 모집,경력무관,서울 외,819
㈜에임메드,"Delphi ,VB  경력직 채용 (계약직)",신입·경력1년↑,서울,820
㈜에임메드,경영기획 경력직 채용,경력5년↑,서울,821
㈜에임메드,Python 신입 개발자 채용,신입,서울,822
플레이디(구 엔서치마케팅),영상 디자이너 및 영상 기획 PD 경력직 채용,경력3년↑,경기,823
유비쿼스,(주)유비쿼스 기술영업 신입/경력 채용,신입·경력3년↑,경기,824
㈜넥슨,[글로벌보안본부] PC 게임핵 분석 대응 담당자,경력무관,경기,825
㈜클라우드네트웍스,[클라우드네트웍스] Netscout (NPM/APM) 엔지니어 모집,신입·경력,서울,826
㈜클라우드네트웍스,[클라우드네트웍스] 스마트팩토리 구축 및 기술지원 담당 모집,경력5년↑,서울,827
㈜클라우드네트웍스,[클라우드네트웍스] IT 기술영업 담당자 모집 (신입/경력),신입·경력2년↑,서울,828
㈜클라우드네트웍스,[클라우드네트웍스] 네트워크엔지니어(L4/L7) 모집 (신입/경력),신입·경력,서울,829
㈜클라우드네트웍스,[클라우드네트웍스] 클라우드 시스템 엔지니어 모집 (신입/경력),신입·경력,서울,830
㈜오케이저축은행,[OK금융그룹]-CSS 전문인력 채용공고(팀장),경력5년↑,서울,831
트랜스코스모스코리아,[장한평역] 캡스 고객센터 데이터관리자(DA) 채용 UZo3,경력무관,서울 외,832
㈜트랜스코스모스,[트랜스코스모스] 채용팀 채용담당 경력자 채용 3Sy2,경력2년↑,서울,833
한화비전,AI 연구원,경력,경기,834
지니언스(주),지니언스 개발자 모집,신입·경력,경기 외,835
㈜하나금융티아이,[하나금융TI] 상황실 Operator 채용,경력,인천,836
현대모비스㈜,[현대모비스 전동화BU] 의왕연구소 계약직 채용,경력무관,경기,837
테슬라코리아(유),[Tesla] ADAS 부문별 채용,신입·경력,경기 외,838
㈜포이시스,"[홍콩 출신 직원] Java 개발자 채용 공고(경력, 신입)",신입·경력,서울,839
현대오토에버㈜,지도 구축 기술 개발 부문 경력채용,경력3년↑,서울,840
에스케이피유코어,연구소 경력사원 모집,경력,울산,841
(주)윈스,[상시] 2023 전문연구요원 채용(병역특례)-서버 백엔드 개발,신입,경기,842
한영회계법인,금융컨설팅부문 Cyber Security(보안컨설팅)팀 컨설턴트 경력직,경력3년↑,서울,843
(주)윈스,[상시] 2023 전문연구요원 채용(병역특례),신입,경기,844
한영회계법인,컨설팅부문 KDS (Korea Delivery Service) 경력 컨설턴트,경력2년↑,서울,845
(주)윈스,2023년 상시채용(신입)-클라우드영업,신입,전국,846
(주)윈스,2023년 상시채용(신입)-서비스영업,신입,전국,847
(주)윈스,2023년 상시채용(신입)-솔루션영업,신입,전국,848
(주)윈스,2023년 상시채용(신입)-사업 제안,신입,전국,849
(주)윈스,2023년 상시채용(신입)-엔지니어,신입,전국,850
(주)윈스,2023년 상시채용(신입)-취약점 분석,신입,전국,851
(주)윈스,2023년 상시채용(신입)-보안관제,신입,전국,852
(주)윈스,2023년 상시채용(신입)-JAVA 개발,신입,전국,853
(주)윈스,2023년 상시채용(신입)-C 개발,신입,전국,854
(주)윈스,2023년 상시채용(신입),신입,전국,855
엔에이치엔㈜,[NHN PAYCO] 맞춤쿠폰 캠페인 운영(계약직),경력2년↑,경기,856
(주)윈스,2023년 상시채용(경력)-사업 제안/수행,경력,전국,857
(주)윈스,2023년 상시채용(경력)-보안 컨설팅,경력,전국,858
㈜대신저축은행,[대신저축은행] IT운영 경력직 채용,경력2년↑,서울,859
(주)윈스,2023년 상시채용(경력)-서버백엔드 개발,경력,전국,860
(주)윈스,2023년 상시채용(경력),경력,전국,861
㈜텔레웍스,하드웨어(EMC) 엔지니어 채용,경력1년↑,서울 외,862
딜로이트컨설팅,[딜로이트 컨설팅] FY24 ER&I G&PS(행정/공공기관) 전문 컨설턴트 경력직 채용,경력2년↑,서울,863
㈜엠엠엠디,[(주)엠엠엠디] 도로시와 기획MD 채용,경력무관,서울 외,864
네이버제트㈜,[NAVER Z] Sticker.ly 인도네시아 콘텐츠 운영 체험형 인턴 모집,경력무관,경기,865
네이버제트㈜,[NAVER Z] Sticker.ly 브라질 콘텐츠 운영 체험형 인턴 모집,신입,경기,866
㈜위메이드플레이,[플레이토즈(위메이드플레이 자회사)] 블록체인 개발자 모집,경력,경기,867
한국지질자원연구원,2023년 제2차 연수직 공개채용,신입·경력,대전 외,868
위메이드,게임사업PM(소셜카지노게임),경력5년↑,경기,869
SK쉴더스㈜,출입보안 플랫폼 S/W 개발자 채용,경력5년↑,경기,870
㈜차이커뮤니케이션,디지털 캠페인 / 소셜캠페인(유튜브) 기획자 경력직 채용 공고,경력3년↑,서울,871
㈜오상헬스케어,체외진단/의료기기/품질/QA/QC/AS/신입 및 경력집 모집,신입·경력1년↑,경기,872
㈜아데코코리아,[강남구/글로벌 코스메틱사] 백화점 유통관리 담당자 채용,경력3년↑,서울,873
㈜오상헬스케어,연구소 SW / FW 개발 분야 경력직 모집,경력3년↑,경기,874
㈜페이히어,[페이히어] 주니어 재무회계 담당자,경력3년↑,서울,875
빗썸코리아,[빗썸] 통합관제,경력,서울,876
㈜앱코,[코스닥 상장](급)(주)앱코 마케팅 직원모집,경력2년↑,서울,877
㈜페이히어,[페이히어] 시니어 재무회계 담당자,경력5년↑,서울,878
㈜우리로,연구개발직 신입·경력사원 모집,신입·경력,광주,879
㈜페이히어,[인센티브 별도 / 식대 지원 / 강남역 1분 거리] [페이히어] CX 매니저 (정규직),경력1년↑,서울 외,880
한영회계법인,감사부문 Forensic & Integrity Services 경력직,경력1년↑,서울,881
미니게이트,[경력] 교육용 인공지능 개발자 채용,경력2년↑,서울,882
㈜재능이아카데미,[재능그룹] JEI 재능이아카데미 웹 개발자 채용공고,경력2년↑,서울,883
㈜하나투어,"하나투어 데이터랩 채용(검색서비스 개발, 추천서비스 개발, 여행서비스 기획)",경력3년↑,서울,884
㈜비즈테크아이,"[LG그룹] 비즈테크아이 DX BU(금융, JAVA) 대규모 IT인재 채용",경력2년↑,서울,885
삼익악기,(주)삼익악기 인사총무팀 경력직 채용,경력3년↑,서울,886
㈜세스코,㈜세스코 IT기획(정보전략) 육아휴직 대체자 모집,경력무관,서울,887
㈜스마일게이트홀딩스,[스마일게이트 홀딩스] [전략] IT전략/기획 담당,경력7년↑,경기,888
광동제약,[광동제약] 커뮤니케이션실 소비자상담팀 경력직원 모집(초대졸 이상),경력2년↑,서울,889
㈜코어트러스트,응용SW 엔지니어링 정규직 경력채용,경력3년↑,서울,890
티피링크,티피링크 여의도 외국계 ISP 통신사 기업용 네트워크 장비 B2B 영업,경력3년↑,서울,891
베스핀글로벌㈜,콘텐츠 마케터 영입 (주니어급),경력1년↑,서울,892
㈜한큐한신익스프레스코리아,[인사/총무] 경영지원팀 신입/경력직 모집,경력무관,서울,893
디어유,[코스닥 상장사-디어유]Android 개발자 모집,경력3년↑,서울,894
디어유,[코스닥 상장사-디어유] iOS 클라이언트 개발자 채용,경력3년↑,서울,895
현대엔지비,상시 인재 채용(기술정보분석),신입·경력,서울,896
현대엔지비,상시 인재 채용,신입·경력,서울,897
(주)미래아이엔씨,"[신입 초임 3,000/정규직/공식대행사] 퍼포먼스 마케팅  관리(신입/경력)",신입·경력1년↑,서울,898
㈜플랜티넷,[판교IT 상장사] 악성코드 분석,경력7년↑,경기,899
㈜다산네트웍스,[다산그룹] N/W 구축 및 운영 관리 인재를 채용합니다.,경력3년↑,경기,900
㈜씨티알,"2023년 신입/경력 채용 (생산, 품질, 구매, 생산, 재경 外)",경력무관,경남 외,901
㈜신한서브,[국회의사당역/사무직] 한국평가데이터 서비스운영 업무지원 채용,경력무관,서울 외,902
㈜대웅제약,"[대웅제약] 생산부문 QA(DI, 허가/문서관리) 경력 채용",경력3년↑,경기 외,903
㈜에티버스,Oracle Cloud 영업담당자 모집,경력10년↑,서울,904
㈜도도커뮤니케이션,온라인 광고 마케터(AE) 신입/경력 동시 채용,경력무관,서울 외,905
㈜도도커뮤니케이션,AE 영업 신입/경력 동시 채용,신입·경력,서울 외,906
대보정보통신㈜,"공공 프로젝트(SI, SM) PM, PL 채용",경력8년↑,서울,907
㈜해커스어학원,[신입/경력] 원격평생교육원 학사운영 채용,신입·경력,서울,908
한국갤럽조사연구소,한국갤럽조사연구소 사회조사부문 인턴(RA) 채용,신입,서울,909
㈜해커스어학원,[신입/경력] 임용 학원 운영 및 온라인 기획/마케팅 채용,신입·경력,서울,910
㈜에코프로비엠,R&D 부문 상시 인재 채용 (Cell & 소재 평가/분석),신입·경력,충북,911
㈜에코프로비엠,R&D 부문 상시 인재 채용,신입·경력,충북,912
SK바이오팜㈜,Portfolio Manager 신입 구성원 영입,신입,경기,913
이니텍㈜,[KT그룹사] (PM) 금융 SI프로젝트 경력직 모집,경력10년↑,서울,914
아이지에스㈜,[IGS] 게임 영상콘텐츠 기획/SNS마케팅 담당자 (경력) 채용,경력7년↑,서울,915
㈜탑코,[Toptoon] 글로벌 사이트 서비스 기획자 모집,경력2년↑,서울,916
㈜제이앤엘테크,제이앤엘테크 기술영업직 신입/경력자 모집,신입·경력,경기,917
㈜에코마케팅,[에코마케팅] 퍼포먼스 마케팅 AE 채용연계형 인턴 / Restart 신입 채용,경력무관,서울,918
한영회계법인,컨설팅부문 AI/DnA팀 (머신러닝/딥러닝) 컨설턴트 경력직,경력,서울,919
㈜머스트잇,[머스트잇] QA Manager(팀장급) 채용,경력5년↑,서울,920
㈜애드쿠아인터렉티브,[ADQUA] 퍼포먼스 마케팅 AE 경력 채용공고,경력3년↑,서울,921
오티아이㈜,오티아이(주) 인사 부문(과/차장) 채용(서울),경력6년↑,서울,922
㈜컬리,[컬리] 창원 물류센터 물류운영 담당자 채용,신입·경력,경남,923
엘지전자㈜,[VS본부] 자동차 전장 Cyber Security 개발 전문가(Cyber Security Analysis),경력,서울,924
㈜위대한상상,재무 기획 담당자 (5년 이상),경력5년↑,서울,925
㈜위대한상상,재무 분석 담당자 (5년 이상),경력3년↑,서울,926
AXA손해보험(주),[AXA손해보험(주)] 광주장기 POM TM부 Trainer 신입/경력 채용,경력무관,광주,927
엘지전자㈜,[VS본부] 자동차 전장 Embedded SW 개발 전문가(Bluetooth/Wi-Fi),경력,서울,928
㈜위대한상상,FP&A실장 (12년 이상),경력12년↑,서울,929
엘지전자㈜,[VS본부] 자동차 전장 Embedded SW 개발 전문가(Connectivity Middleware),경력,서울,930
엘지전자㈜,[VS본부] 자동차 전장 Embedded SW 개발 전문가(Audio),경력,서울,931
엘지전자㈜,[VS본부] 자동차 전장 Embedded SW 개발 전문가(BSP),경력,서울,932
엘지전자㈜,[VS본부] 자동차 전장 Embedded SW 개발 전문가(Vehicle Network),경력,서울,933
㈜무브인터렉티브,㈜무브인터렉티브 - 포르투갈어 온라인 운영 GM 신입/경력 채용,신입·경력,서울,934
㈜이글루코퍼레이션,[보안분석팀] 모의해킹 및 취약점 진단 신입/경력 채용,신입·경력2년↑,서울,935
㈜에스티씨랩,B2B 솔루션 플랫폼 운영 담당자,경력2년↑,서울,936
㈜오상헬스케어,(주)오상헬스케어 신입 및 경력직 모집,신입·경력,경기,937
지에스칼텍스㈜,2023년 DIgital Lab 전문계약직 상시모집,경력,서울,938
피에스케이홀딩스,[PSK그룹] 2023년 직무별 수시모집(8월) - 제품개발,신입·경력,경기,939
피에스케이홀딩스,[PSK그룹] 2023년 직무별 수시모집(8월),신입·경력,경기,940
㈜아이애드원,"[기본급/인센티브] 네이버, 카카오 공식대행사 정규직 마케터 공개채용",신입·경력,서울,941
㈜예지솔루션,[가산역 예지솔루션] 네이버 사업부 디지털 마케터 팀원,신입·경력,서울 외,942
서린정보기술㈜,[서린정보기술] 시스템 엔지니어 경력 채용,경력3년↑,서울,943
한국교직원공제회,2023년 신입직원 채용,신입,전국,944
엘지전자㈜,[VS본부] 자동차 전장 Cyber Security 개발 전문가,경력,서울,945
환인제약,상시 인재 채용(의약화학),신입·경력,경기,946
환인제약,상시 인재 채용(신사업),신입·경력,서울,947
엘지전자㈜,[VS본부] 자동차 전장 Embedded SW 개발 전문가,경력,서울,948
메가존클라우드㈜,보안 관제 채용 (계약직),경력,서울,949
메가존클라우드㈜,Strategic Tech 부문 (PM/AA) 채용,경력무관,서울,950
메가존클라우드㈜,Strategic Tech 부문 (Cloud Architect/Application Architect),경력무관,서울,951
㈜엔에이치엔벅스,[NHN Bugs] 벅스/티켓링크 웹개발(Front-End) 경력 채용,경력,서울,952
㈜에스티오(STO),(주)에스티오 경력직 채용(패션 디자인),경력3년↑,서울,953
환인제약,상시 인재 채용,신입·경력,전국,954
㈜더블유비스킨,2023년 더블유비스킨 전부문 정규직 대규모 채용,경력무관,서울,955
KCC정보통신,[KCC정보통신] 신협중앙회 전산시스템 상황근무자 모집 (3교대 근무),신입·경력,대전,956
㈜더좋은,"[건강코디네이터 채용/서울전체]약국내 영양제 상담, 안정적 급여와 성과급 보장",경력무관,서울,957
㈜컴퓨존,PHP웹개발자 채용,경력,서울,958
굿어스㈜,"[구미] 네트워크 기술지원, 운영 (신입) 채용",신입,서울 외,959
굿어스㈜,"[기흥/화성] 네트워크 기술지원, 운영(신입) 채용",신입,서울 외,960
㈜투비소프트,㈜투비소프트 사업그룹 프리세일즈 팀원 모집,경력3년↑,서울,961
주식회사 어바웃펫,[GS리테일] 어바웃펫 자사몰MD 채용,경력3년↑,서울 외,962
와드,[캐치테이블] 마케팅팀 데이터 관리 담당자 (계약직 1년),경력무관,경기,963
㈜인터로조,콘택트렌즈 글로벌 기업 전략마케팅실 브랜드 마케팅 담당자 모집,경력10년↑,서울,964
이컴라인,"1.[여의도]증권, 금융, PRO-C, PROC, PROFRAME, 프로프레임, 공통업무, 공통, 고급, 특급",경력10년↑,서울,965
LX판토스,IT분야 경력직 통합 채용(IT기획),경력,서울,966
LX판토스,IT분야 경력직 통합 채용(물류-IT융합),경력,서울,967
LX판토스,IT분야 경력직 통합 채용,경력,서울,968
NICE페이먼츠㈜,[NICE페이먼츠] 23년 IT 신입/경력 상시 채용,신입·경력1년↑,서울,969
진경산업㈜,[고든램지 레스토랑 코리아] 콘텐츠마케터 채용,경력3년↑,경기,970
엘에스엠앤엠,각 부문별 상시채용(에너지 탄소배출 기획/관리),경력,울산,971
엘에스엠앤엠,각 부문별 상시채용(품질관리(분석)),신입·경력,울산,972
㈜에이엠피엠글로벌,(주)에이엠피엠글로벌 백엔드 개발자 채용,경력5년↑,서울 외,973
동성케미컬,[경력] 8월 대규모 채용(재무기획),경력,서울,974
동성케미컬,[경력] 8월 대규모 채용(IT보안),경력,서울,975
동성케미컬,[경력] 8월 대규모 채용(Bioplastic Sales & Marketing),경력,서울,976
동성케미컬,[경력] 8월 대규모 채용(이차전지 R&D),경력,서울,977
동성케미컬,[신입/경력] 8월 대규모 채용,신입·경력,서울 외,978
유베이스,[유베이스] 운영전략팀 손익담당 신입/경력 채용,경력무관,경기,979
SPC GFS,각 부문 경력직 상시채용 (수출입기획(수입/수출/통관)),경력,서울,980
SPC GFS,각 부문 경력직 상시채용 (재경(회계/세무)),경력,서울,981
SPC GFS,각 부문 경력직 상시채용,경력,서울 외,982
나이스디앤알,금융리서치 연구원 채용,신입·경력,서울,983
(주)이컴라인,"2.[을지로] 웹스퀘어, 전자정부f/w, 전자정부프레임워크, 전자정부프레임웍, spring, websquare, erp",경력6년↑,서울,984
엘지유플러스,[infiniSTAR] UIUX 디자이너(Senior level) 채용,경력,서울,985
㈜야나두,[야나두(야핏)] QA 경력직 채용 (5년 이상),경력5년↑,서울 외,986
㈜더에스엠씨그룹,[기획직군] 퍼포먼스마케터 경력 채용,경력1년↑,서울,987
(재)한국기계전기전자시험연구원,정보화전략실 시험인증 빅데이터 플랫폼 구축 연구 수행 계약직 모집,신입,경기,988
(재)한국기계전기전자시험연구원,정보화전략실 지능형시험인증 플랫폼 운영 및 보수 담당 전문위원 채용,신입,경기,989
㈜에이치비테크놀러지,딥러닝 연구개발 팀장 채용,경력3년↑,서울,990
㈜엠씨넥스,(주)엠씨넥스 전산고도화팀(MES) 경력직 채용의 건,신입·경력2년↑,인천,991
스마일코리아,(주)스마일코리아 `사내 솔루션 개발자`   모십니다,경력2년↑,서울,992
엘에스엠앤엠,각 부문별 상시채용,신입·경력,서울 외,993
㈜아데코코리아,[글로벌 청과회사] E-commerce Sales Representative,경력1년↑,서울,994
㈜삼보컴퓨터,"(안산) 삼보컴퓨터 전산팀 인프라관리자/ERP, 그룹웨어, MES관리자 채용/계열사",신입·경력,경기,995
㈜코비젼,각부문 경력 채용 - PM,경력7년↑,서울 외,996
㈜코비젼,개발직 경력 채용 - JAVA개발자,경력3년↑,서울 외,997
㈜메디젠휴먼케어,메디젠휴먼케어 연구개발팀,경력2년↑,서울,998
마리오아울렛㈜,마리오아울렛(주) 온라인개발팀 채용,경력무관,서울,999
㈜천재교육,천재교육 IT인프라팀 서버담당자 모집,신입·경력2년↑,서울,1000
